exp_id,start_date,end_date,pos_id,user_id
1,2005-01-01,2007-01-21,1,aaaa
2,2004-01-01,2006-01-20,2,aaaa
3,1900-01-20,1902-01-19,3,aaaa
4,2001-01-21,2003-01-21,4,aaaa
5,1900-01-20,1902-01-19,16,aaaa
6,1900-01-20,1902-01-19,17,aaaa
7,2003-01-21,2005-01-20,18,aaaa
8,2001-01-21,2003-01-21,19,aaaa
9,1900-01-20,1902-01-19,27,aaaa
10,2003-01-21,2005-01-20,28,aaaa
11,2012-01-21,2014-01-20,29,aaaa
12,1900-01-20,1902-01-19,32,aaaa
13,2005-01-21,2007-01-21,33,aaaa
14,1900-01-20,1902-01-19,5,aaaa
15,2002-01-21,2004-01-21,36,aaaa
16,2005-01-21,2007-01-21,37,aaaa
17,2001-01-21,2003-01-21,46,aaaa
18,2005-01-21,2007-01-21,48,aaaa
19,1900-01-20,1902-01-19,49,aaaa
20,1900-01-20,1902-01-19,51,aaaa
21,2001-01-21,2003-01-21,52,aaaa
22,2010-01-21,2012-01-21,53,aaaa
23,2004-01-21,2006-01-20,55,aaaa
24,1900-01-20,1902-01-19,56,aaaa
25,1900-01-20,1902-01-19,57,aaaa
26,2005-01-21,2007-01-21,59,aaaa
27,2010-01-21,2012-01-21,61,aaaa
28,2004-01-21,2006-01-20,62,aaaa
29,1900-01-20,1902-01-19,63,aaaa
30,2004-01-21,2006-01-20,64,aaaa
31,1900-01-20,1902-01-19,65,aaaa
32,2005-01-21,2007-01-21,66,aaaa
33,2002-01-21,2004-01-21,68,aaaa
34,1900-01-20,1902-01-19,71,aaaa
35,2004-01-21,2006-01-20,72,aaaa
36,2002-01-21,2004-01-21,73,aaaa
37,2003-01-21,2005-01-20,75,aaaa
38,2003-01-21,2005-01-20,76,aaaa
39,2003-01-21,2005-01-20,78,aaaa
40,2002-01-21,2004-01-21,79,aaaa
41,2018-01-21,2020-01-21,82,aaaa
42,2008-01-21,2010-01-20,83,aaaa
43,1900-01-20,1902-01-19,85,aaaa
44,1900-01-20,1902-01-19,86,aaaa
45,1900-01-20,1902-01-19,87,aaaa
46,2003-01-21,2005-01-20,88,aaaa
47,2005-01-21,2007-01-21,89,aaaa
48,2001-01-21,2003-01-21,90,aaaa
49,1900-01-20,1902-01-19,92,aaaa
50,2005-01-21,2007-01-21,100,aaaa
51,1900-01-20,1902-01-19,101,aaaa
52,2003-01-21,2005-01-20,103,aaaa
53,2003-01-21,2005-01-20,104,aaaa
54,2004-01-21,2006-01-20,107,aaaa
55,1900-01-20,1902-01-19,108,aaaa
56,2006-01-21,2008-01-21,109,aaaa
57,1900-01-20,1902-01-19,111,aaaa
58,2003-01-21,2005-01-20,114,aaaa
59,1900-01-20,1902-01-19,115,aaaa
60,1900-01-20,1902-01-19,116,aaaa
61,2004-01-21,2006-01-20,117,aaaa
62,2003-01-21,2005-01-20,118,aaaa
63,1900-01-20,1902-01-19,119,aaaa
64,1900-01-20,1902-01-19,120,aaaa
65,2012-01-21,2014-01-20,121,aaaa
66,2004-01-21,2006-01-20,122,aaaa
67,2005-01-21,2007-01-21,123,aaaa
68,2007-01-21,2009-01-20,125,aaaa
69,1900-01-20,1902-01-19,126,aaaa
70,2005-01-21,2007-01-21,133,aaaa
71,2004-01-21,2006-01-20,136,aaaa
72,2001-01-21,2003-01-21,137,aaaa
73,1900-01-20,1902-01-19,146,aaaa
74,1900-01-20,1902-01-19,147,aaaa
75,1900-01-20,1902-01-19,148,aaaa
76,1900-01-20,1902-01-19,60,aaaa
77,1900-01-20,1902-01-19,151,aaaa
78,2004-01-21,2006-01-20,152,aaaa
79,1900-01-20,1902-01-19,153,aaaa
80,1900-01-20,1902-01-19,155,aaaa
81,2006-01-21,2008-01-21,156,aaaa
82,2001-01-21,2003-01-21,157,aaaa
83,2002-01-21,2004-01-21,158,aaaa
84,2002-01-21,2004-01-21,159,aaaa
85,1900-01-20,1902-01-19,160,aaaa
86,2002-01-21,2004-01-21,164,aaaa
87,1900-01-20,1902-01-19,165,aaaa
88,2005-01-21,2007-01-21,166,aaaa
89,1900-01-20,1902-01-19,167,aaaa
90,2004-01-21,2006-01-20,184,aaaa
91,2003-01-21,2005-01-20,187,aaaa
92,2003-01-21,2005-01-20,188,aaaa
93,2002-01-21,2004-01-21,6,aaaa
94,2002-01-21,2004-01-21,193,aaaa
95,1900-01-20,1902-01-19,194,aaaa
96,2001-01-21,2003-01-21,195,aaaa
97,2005-01-21,2007-01-21,197,aaaa
98,2002-01-21,2004-01-21,198,aaaa
99,2002-01-21,2004-01-21,199,aaaa
100,2005-01-21,2007-01-21,200,aaaa
101,2004-01-21,2006-01-20,205,aaaa
102,2010-01-21,2012-01-21,7,aaaa
103,2003-01-21,2005-01-20,206,aaaa
104,1900-01-20,1902-01-19,210,aaaa
105,2006-01-21,2008-01-21,211,aaaa
106,2010-01-21,2012-01-21,212,aaaa
107,2003-01-21,2005-01-20,214,aaaa
108,2010-01-21,2012-01-21,215,aaaa
109,2002-01-21,2004-01-21,216,aaaa
110,2002-01-21,2004-01-21,30,aaaa
111,2001-01-21,2003-01-21,217,aaaa
112,2002-01-21,2004-01-21,218,aaaa
113,1900-01-20,1902-01-19,220,aaaa
114,2004-01-21,2006-01-20,127,aaaa
115,1900-01-20,1902-01-19,221,aaaa
116,2002-01-21,2004-01-21,222,aaaa
117,2007-01-21,2009-01-20,223,aaaa
118,2002-01-21,2004-01-21,224,aaaa
119,1900-01-20,1902-01-19,225,aaaa
120,1900-01-20,1902-01-19,231,aaaa
121,1900-01-20,1902-01-19,232,aaaa
122,2002-01-21,2004-01-21,233,aaaa
123,2007-01-21,2009-01-20,234,aaaa
124,2001-01-21,2003-01-21,235,aaaa
125,2010-01-21,2012-01-21,236,aaaa
126,1900-01-20,1902-01-19,237,aaaa
127,1900-01-20,1902-01-19,238,aaaa
128,2001-01-21,2003-01-21,239,aaaa
129,2005-01-21,2007-01-21,240,aaaa
130,2006-01-21,2008-01-21,241,aaaa
131,2001-01-21,2003-01-21,242,aaaa
132,2003-01-21,2005-01-20,245,aaaa
133,1900-01-20,1902-01-19,246,aaaa
134,2002-01-21,2004-01-21,248,aaaa
135,1900-01-20,1902-01-19,249,aaaa
136,2003-01-21,2005-01-20,253,aaaa
137,2007-01-21,2009-01-20,254,aaaa
138,2006-01-21,2008-01-21,255,aaaa
139,2001-01-21,2003-01-21,168,aaaa
140,2009-01-21,2011-01-21,264,aaaa
141,2001-01-21,2003-01-21,266,aaaa
142,1900-01-20,1902-01-19,272,aaaa
143,2007-01-21,2009-01-20,273,aaaa
144,2004-01-21,2006-01-20,274,aaaa
145,1900-01-20,1902-01-19,275,aaaa
146,2002-01-21,2004-01-21,276,aaaa
147,2004-01-21,2006-01-20,277,aaaa
148,2005-01-21,2007-01-21,278,aaaa
149,2002-01-21,2004-01-21,279,aaaa
150,1900-01-20,1902-01-19,284,aaaa
151,2002-01-21,2004-01-21,285,aaaa
152,2001-01-21,2003-01-21,289,aaaa
153,2008-01-21,2010-01-20,290,aaaa
154,1900-01-20,1902-01-19,301,aaaa
155,2003-01-21,2005-01-20,302,aaaa
156,1900-01-20,1902-01-19,305,aaaa
157,1900-01-20,1902-01-19,238,aaaa
158,2002-01-21,2004-01-21,286,aaaa
159,2002-01-21,2004-01-21,308,aaaa
160,2001-01-21,2003-01-21,309,aaaa
161,2002-01-21,2004-01-21,310,aaaa
162,2006-01-21,2008-01-21,313,aaaa
163,2005-01-21,2007-01-21,317,aaaa
164,2002-01-21,2004-01-21,319,aaaa
165,2003-01-21,2005-01-20,322,aaaa
166,2009-01-21,2011-01-21,323,aaaa
167,1900-01-20,1902-01-19,324,aaaa
168,2007-01-21,2009-01-20,326,aaaa
169,2001-01-21,2003-01-21,327,aaaa
170,2002-01-21,2004-01-21,328,aaaa
171,2004-01-21,2006-01-20,128,aaaa
172,1900-01-20,1902-01-19,318,aaaa
173,2008-01-21,2010-01-20,329,aaaa
174,2001-01-21,2003-01-21,330,aaaa
175,1900-01-20,1902-01-19,138,aaaa
176,1900-01-20,1902-01-19,344,aaaa
177,2015-01-21,2017-01-20,345,aaaa
178,2001-01-21,2003-01-21,347,aaaa
179,2002-01-21,2004-01-21,348,aaaa
180,1900-01-20,1902-01-19,34,aaaa
181,2006-01-21,2008-01-21,349,aaaa
182,2002-01-21,2004-01-21,331,aaaa
183,2002-01-21,2004-01-21,38,aaaa
184,1900-01-20,1902-01-19,350,aaaa
185,1900-01-20,1902-01-19,351,aaaa
186,2003-01-21,2005-01-20,352,aaaa
187,2001-01-21,2003-01-21,354,aaaa
188,2004-01-21,2006-01-20,80,aaaa
189,2010-01-21,2012-01-21,355,aaaa
190,2001-01-21,2003-01-21,356,aaaa
191,1900-01-20,1902-01-19,366,aaaa
192,1900-01-20,1902-01-19,369,aaaa
193,2001-01-21,2003-01-21,382,aaaa
194,2008-01-21,2010-01-20,389,aaaa
195,2002-01-21,2004-01-21,391,aaaa
196,2012-01-21,2014-01-20,392,aaaa
197,2003-01-21,2005-01-20,394,aaaa
198,1900-01-20,1902-01-19,397,aaaa
199,2003-01-21,2005-01-20,398,aaaa
200,1900-01-20,1902-01-19,400,aaaa
201,1900-01-20,1902-01-19,243,aaaa
202,1900-01-20,1902-01-19,401,aaaa
203,2008-01-21,2010-01-20,402,aaaa
204,2004-01-21,2006-01-20,403,aaaa
205,2005-01-21,2007-01-21,404,aaaa
206,2010-01-21,2012-01-21,406,aaaa
207,1900-01-20,1902-01-19,407,aaaa
208,1900-01-20,1902-01-19,408,aaaa
209,2001-01-21,2003-01-21,409,aaaa
210,2008-01-21,2010-01-20,410,aaaa
211,1900-01-20,1902-01-19,411,aaaa
212,2003-01-21,2005-01-20,412,aaaa
213,2003-01-21,2005-01-20,414,aaaa
214,2009-01-21,2011-01-21,416,aaaa
215,1900-01-20,1902-01-19,226,aaaa
216,1900-01-20,1902-01-19,417,aaaa
217,2002-01-21,2004-01-21,422,aaaa
218,2005-01-21,2007-01-21,423,aaaa
219,2001-01-21,2003-01-21,424,aaaa
220,2001-01-21,2003-01-21,280,aaaa
221,1900-01-20,1902-01-19,425,aaaa
222,2010-01-21,2012-01-21,7,aaaa
223,1900-01-20,1902-01-19,357,aaaa
224,2001-01-21,2003-01-21,81,aaaa
225,2004-01-21,2006-01-20,426,aaaa
226,2017-01-21,2019-01-21,427,aaaa
227,2005-01-21,2007-01-21,432,aaaa
228,2001-01-21,2003-01-21,383,aaaa
229,2002-01-21,2004-01-21,370,aaaa
230,2002-01-21,2004-01-21,433,aaaa
231,1900-01-20,1902-01-19,435,aaaa
232,1900-01-20,1902-01-19,207,aaaa
233,1900-01-20,1902-01-19,436,aaaa
234,1900-01-20,1902-01-19,439,aaaa
235,2030-01-21,2032-01-21,440,aaaa
236,2002-01-21,2004-01-21,441,aaaa
237,2002-01-21,2004-01-21,442,aaaa
238,1900-01-20,1902-01-19,443,aaaa
239,2002-01-21,2004-01-21,446,aaaa
240,2002-01-21,2004-01-21,447,aaaa
241,2005-01-21,2007-01-21,448,aaaa
242,1900-01-20,1902-01-19,449,aaaa
243,2001-01-21,2003-01-21,450,aaaa
244,2001-01-21,2003-01-21,371,aaaa
245,1900-01-20,1902-01-19,451,aaaa
246,2004-01-21,2006-01-20,452,aaaa
247,2005-01-21,2007-01-21,455,aaaa
248,2026-01-21,2028-01-21,457,aaaa
249,2003-01-21,2005-01-20,372,aaaa
250,1900-01-20,1902-01-19,458,aaaa
251,2002-01-21,2004-01-21,459,aaaa
252,1900-01-20,1902-01-19,462,aaaa
253,2004-01-21,2006-01-20,463,aaaa
254,2003-01-21,2005-01-20,465,aaaa
255,2001-01-21,2003-01-21,467,aaaa
256,1900-01-20,1902-01-19,256,aaaa
257,2004-01-21,2006-01-20,468,aaaa
258,1900-01-20,1902-01-19,469,aaaa
259,2001-01-21,2003-01-21,471,aaaa
260,2003-01-21,2005-01-20,474,aaaa
261,2005-01-21,2007-01-21,475,aaaa
262,2002-01-21,2004-01-21,476,aaaa
263,2002-01-21,2004-01-21,477,aaaa
264,2004-01-21,2006-01-20,478,aaaa
265,2010-01-21,2012-01-21,291,aaaa
266,2001-01-21,2003-01-21,479,aaaa
267,2002-01-21,2004-01-21,480,aaaa
268,2005-01-21,2007-01-21,281,aaaa
269,2006-01-21,2008-01-21,481,aaaa
270,2005-01-21,2007-01-21,484,aaaa
271,1900-01-20,1902-01-19,485,aaaa
272,1900-01-20,1902-01-19,428,aaaa
273,1900-01-20,1902-01-19,487,aaaa
274,2002-01-21,2004-01-21,488,aaaa
275,2001-01-21,2003-01-21,489,aaaa
276,1900-01-20,1902-01-19,490,aaaa
277,2001-01-21,2003-01-21,491,aaaa
278,2007-01-21,2009-01-20,492,aaaa
279,2003-01-21,2005-01-20,493,aaaa
280,1900-01-20,1902-01-19,494,aaaa
281,1900-01-20,1902-01-19,495,aaaa
282,1900-01-20,1902-01-19,112,aaaa
283,2004-01-21,2006-01-20,496,aaaa
284,2020-01-21,2022-01-20,498,aaaa
285,2003-01-21,2005-01-20,501,aaaa
286,1900-01-20,1902-01-19,502,aaaa
287,1900-01-20,1902-01-19,503,aaaa
288,1900-01-20,1902-01-19,504,aaaa
289,2001-01-21,2003-01-21,505,aaaa
290,2006-01-21,2008-01-21,506,aaaa
291,2002-01-21,2004-01-21,507,aaaa
292,2002-01-21,2004-01-21,508,aaaa
293,1900-01-20,1902-01-19,509,aaaa
294,1900-01-20,1902-01-19,510,aaaa
295,2002-01-21,2004-01-21,514,aaaa
296,2001-01-21,2003-01-21,515,aaaa
297,2001-01-21,2003-01-21,516,aaaa
298,1900-01-20,1902-01-19,517,aaaa
299,1900-01-20,1902-01-19,519,aaaa
300,1900-01-20,1902-01-19,486,aaaa
301,2001-01-21,2003-01-21,520,aaaa
302,1900-01-20,1902-01-19,521,aaaa
303,2003-01-21,2005-01-20,139,aaaa
304,1900-01-20,1902-01-19,523,aaaa
305,2001-01-21,2003-01-21,524,aaaa
306,1900-01-20,1902-01-19,532,aaaa
307,1900-01-20,1902-01-19,384,aaaa
308,1900-01-20,1902-01-19,533,aaaa
309,2012-01-21,2014-01-20,534,aaaa
310,2004-01-21,2006-01-20,536,aaaa
311,2002-01-21,2004-01-21,385,aaaa
312,2005-01-21,2007-01-21,537,aaaa
313,2003-01-21,2005-01-20,539,aaaa
314,2002-01-21,2004-01-21,169,aaaa
315,2010-01-21,2012-01-21,540,aaaa
316,2004-01-21,2006-01-20,358,aaaa
317,2002-01-21,2004-01-21,541,aaaa
318,2003-01-21,2005-01-20,542,aaaa
319,2003-01-21,2005-01-20,542,aaaa
320,2003-01-21,2005-01-20,543,aaaa
321,2007-01-21,2009-01-20,545,aaaa
322,2001-01-21,2003-01-21,547,aaaa
323,2009-01-21,2011-01-21,257,aaaa
324,2001-01-21,2003-01-21,548,aaaa
325,2002-01-21,2004-01-21,549,aaaa
326,2004-01-21,2006-01-20,227,aaaa
327,2004-01-21,2006-01-20,258,aaaa
328,2003-01-21,2005-01-20,550,aaaa
329,2008-01-21,2010-01-20,20,aaaa
330,1900-01-20,1902-01-19,551,aaaa
331,2003-01-21,2005-01-20,552,aaaa
332,2003-01-21,2005-01-20,553,aaaa
333,2004-01-21,2006-01-20,559,aaaa
334,2003-01-21,2005-01-20,325,aaaa
335,2005-01-21,2007-01-21,560,aaaa
336,2007-01-21,2009-01-20,561,aaaa
337,2008-01-21,2010-01-20,563,aaaa
338,1900-01-20,1902-01-19,564,aaaa
339,2006-01-21,2008-01-21,565,aaaa
340,1900-01-20,1902-01-19,566,aaaa
341,2012-01-21,2014-01-20,567,aaaa
342,2002-01-21,2004-01-21,568,aaaa
343,1900-01-20,1902-01-19,569,aaaa
344,2003-01-21,2005-01-20,185,aaaa
345,2010-01-21,2012-01-21,570,aaaa
346,1900-01-20,1902-01-19,571,aaaa
347,2004-01-21,2006-01-20,574,aaaa
348,1900-01-20,1902-01-19,575,aaaa
349,1900-01-20,1902-01-19,576,aaaa
350,1900-01-20,1902-01-19,577,aaaa
351,1900-01-20,1902-01-19,578,aaaa
352,2002-01-21,2004-01-21,93,aaaa
353,2002-01-21,2004-01-21,579,aaaa
354,2005-01-21,2007-01-21,580,aaaa
355,2004-01-21,2006-01-20,581,aaaa
356,1900-01-20,1902-01-19,582,aaaa
357,2002-01-21,2004-01-21,583,aaaa
358,1900-01-20,1902-01-19,584,aaaa
359,2001-01-21,2003-01-21,535,aaaa
360,2002-01-21,2004-01-21,585,aaaa
361,2005-01-21,2007-01-21,586,aaaa
362,2005-01-21,2007-01-21,373,aaaa
363,1900-01-20,1902-01-19,587,aaaa
364,2002-01-21,2004-01-21,572,aaaa
365,1900-01-20,1902-01-19,588,aaaa
366,2003-01-21,2005-01-20,589,aaaa
367,2001-01-21,2003-01-21,590,aaaa
368,2002-01-21,2004-01-21,591,aaaa
369,2001-01-21,2003-01-21,593,aaaa
370,1900-01-20,1902-01-19,482,aaaa
371,2009-01-21,2011-01-21,594,aaaa
372,2002-01-21,2004-01-21,595,aaaa
373,2001-01-21,2003-01-21,596,aaaa
374,2010-01-21,2012-01-21,600,aaaa
375,1900-01-20,1902-01-19,601,aaaa
376,2002-01-21,2004-01-21,608,aaaa
377,2001-01-21,2003-01-21,609,aaaa
378,2010-01-21,2012-01-21,611,aaaa
379,1900-01-20,1902-01-19,612,aaaa
380,2001-01-21,2003-01-21,613,aaaa
381,2004-01-21,2006-01-20,615,aaaa
382,2001-01-21,2003-01-21,616,aaaa
383,2010-01-21,2012-01-21,617,aaaa
384,2003-01-21,2005-01-20,618,aaaa
385,2003-01-21,2005-01-20,619,aaaa
386,1900-01-20,1902-01-19,620,aaaa
387,2002-01-21,2004-01-21,621,aaaa
388,2007-01-21,2009-01-20,622,aaaa
389,2002-01-21,2004-01-21,623,aaaa
390,2002-01-21,2004-01-21,140,aaaa
391,2001-01-21,2003-01-21,624,aaaa
392,2007-01-21,2009-01-20,170,aaaa
393,2003-01-21,2005-01-20,625,aaaa
394,2002-01-21,2004-01-21,627,aaaa
395,2001-01-21,2003-01-21,629,aaaa
396,2005-01-21,2007-01-21,630,aaaa
397,1900-01-20,1902-01-19,171,aaaa
398,1900-01-20,1902-01-19,631,aaaa
399,1900-01-20,1902-01-19,631,aaaa
400,2002-01-21,2004-01-21,633,aaaa
401,2003-01-21,2005-01-20,634,aaaa
402,2002-01-21,2004-01-21,635,aaaa
403,1900-01-20,1902-01-19,602,aaaa
404,1900-01-20,1902-01-19,636,aaaa
405,1900-01-20,1902-01-19,637,aaaa
406,2003-01-21,2005-01-20,638,aaaa
407,1900-01-20,1902-01-19,640,aaaa
408,1900-01-20,1902-01-19,641,aaaa
409,1900-01-20,1902-01-19,643,aaaa
410,1900-01-20,1902-01-19,644,aaaa
411,1900-01-20,1902-01-19,645,aaaa
412,2007-01-21,2009-01-20,646,aaaa
413,2001-01-21,2003-01-21,647,aaaa
414,1900-01-20,1902-01-19,648,aaaa
415,1900-01-20,1902-01-19,650,aaaa
416,2002-01-21,2004-01-21,94,aaaa
417,1900-01-20,1902-01-19,651,aaaa
418,1900-01-20,1902-01-19,652,aaaa
419,1900-01-20,1902-01-19,167,aaaa
420,2003-01-21,2005-01-20,654,aaaa
421,2001-01-21,2003-01-21,656,aaaa
422,1900-01-20,1902-01-19,657,aaaa
423,2006-01-21,2008-01-21,172,aaaa
424,1900-01-20,1902-01-19,658,aaaa
425,2002-01-21,2004-01-21,385,aaaa
426,2005-01-21,2007-01-21,659,aaaa
427,2003-01-21,2005-01-20,660,aaaa
428,1900-01-20,1902-01-19,662,aaaa
429,2002-01-21,2004-01-21,664,aaaa
430,1900-01-20,1902-01-19,665,aaaa
431,1900-01-20,1902-01-19,668,aaaa
432,1900-01-20,1902-01-19,669,aaaa
433,2007-01-21,2009-01-20,670,aaaa
434,1900-01-20,1902-01-19,129,aaaa
435,2006-01-21,2008-01-21,671,aaaa
436,2005-01-21,2007-01-21,672,aaaa
437,1900-01-20,1902-01-19,675,aaaa
438,1900-01-20,1902-01-19,676,aaaa
439,1900-01-20,1902-01-19,677,aaaa
440,1900-01-20,1902-01-19,678,aaaa
441,2003-01-21,2005-01-20,679,aaaa
442,1900-01-20,1902-01-19,683,aaaa
443,1900-01-20,1902-01-19,684,aaaa
444,2002-01-21,2004-01-21,685,aaaa
445,1900-01-20,1902-01-19,130,aaaa
446,2005-01-21,2007-01-21,499,aaaa
447,2002-01-21,2004-01-21,686,aaaa
448,2002-01-21,2004-01-21,91,aaaa
449,2005-01-21,2007-01-21,687,aaaa
450,2002-01-21,2004-01-21,688,aaaa
451,2001-01-21,2003-01-21,690,aaaa
452,2001-01-21,2003-01-21,692,aaaa
453,2011-01-21,2013-01-20,693,aaaa
454,1900-01-20,1902-01-19,511,aaaa
455,1900-01-20,1902-01-19,695,aaaa
456,1900-01-20,1902-01-19,696,aaaa
457,1900-01-20,1902-01-19,250,aaaa
458,2009-01-21,2011-01-21,699,aaaa
459,2002-01-21,2004-01-21,700,aaaa
460,1900-01-20,1902-01-19,701,aaaa
461,2005-01-21,2007-01-21,702,aaaa
462,2004-01-21,2006-01-20,703,aaaa
463,2008-01-21,2010-01-20,704,aaaa
464,2002-01-21,2004-01-21,705,aaaa
465,2001-01-21,2003-01-21,525,aaaa
466,2012-01-21,2014-01-20,292,aaaa
467,2004-01-21,2006-01-20,706,aaaa
468,2002-01-21,2004-01-21,707,aaaa
469,2002-01-21,2004-01-21,708,aaaa
470,2010-01-21,2012-01-21,709,aaaa
471,2010-01-21,2012-01-21,710,aaaa
472,2001-01-21,2003-01-21,418,aaaa
473,2009-01-21,2011-01-21,711,aaaa
474,2002-01-21,2004-01-21,712,aaaa
475,2001-01-21,2003-01-21,713,aaaa
476,2003-01-21,2005-01-20,332,aaaa
477,1900-01-20,1902-01-19,714,aaaa
478,2008-01-21,2010-01-20,715,aaaa
479,2001-01-21,2003-01-21,716,aaaa
480,2001-01-21,2003-01-21,719,aaaa
481,1900-01-20,1902-01-19,720,aaaa
482,2006-01-21,2008-01-21,721,aaaa
483,2010-01-21,2012-01-21,95,aaaa
484,2011-01-21,2013-01-20,724,aaaa
485,2003-01-21,2005-01-20,725,aaaa
486,2002-01-21,2004-01-21,727,aaaa
487,2004-01-21,2006-01-20,728,aaaa
488,1900-01-20,1902-01-19,729,aaaa
489,2001-01-21,2003-01-21,732,aaaa
490,2004-01-21,2006-01-20,311,aaaa
491,2003-01-21,2005-01-20,733,aaaa
492,1900-01-20,1902-01-19,320,aaaa
493,1900-01-20,1902-01-19,735,aaaa
494,2006-01-21,2008-01-21,736,aaaa
495,2004-01-21,2006-01-20,219,aaaa
496,1900-01-20,1902-01-19,738,aaaa
497,2001-01-21,2003-01-21,739,aaaa
498,2002-01-21,2004-01-21,740,aaaa
499,1900-01-20,1902-01-19,741,aaaa
500,2002-01-21,2004-01-21,743,aaaa
501,1900-01-20,1902-01-19,744,aaaa
502,2007-01-21,2009-01-20,453,aaaa
503,2002-01-21,2004-01-21,745,aaaa
504,1900-01-20,1902-01-19,750,aaaa
505,2005-01-21,2007-01-21,752,aaaa
506,1900-01-20,1902-01-19,753,aaaa
507,2003-01-21,2005-01-20,251,aaaa
508,2004-01-21,2006-01-20,754,aaaa
509,2006-01-21,2008-01-21,756,aaaa
510,1900-01-20,1902-01-19,267,aaaa
511,1900-01-20,1902-01-19,757,aaaa
512,1900-01-20,1902-01-19,758,aaaa
513,1900-01-20,1902-01-19,759,aaaa
514,2013-01-21,2015-01-21,760,aaaa
515,2001-01-21,2003-01-21,761,aaaa
516,2005-01-21,2007-01-21,762,aaaa
517,2001-01-21,2003-01-21,763,aaaa
518,2001-01-21,2003-01-21,764,aaaa
519,2002-01-21,2004-01-21,765,aaaa
520,2002-01-21,2004-01-21,306,aaaa
521,2007-01-21,2009-01-20,766,aaaa
522,1900-01-20,1902-01-19,767,aaaa
523,2003-01-21,2005-01-20,768,aaaa
524,2006-01-21,2008-01-21,69,aaaa
525,2003-01-21,2005-01-20,769,aaaa
526,2005-01-21,2007-01-21,483,aaaa
527,2003-01-21,2005-01-20,770,aaaa
528,2009-01-21,2011-01-21,771,aaaa
529,2002-01-21,2004-01-21,773,aaaa
530,1900-01-20,1902-01-19,774,aaaa
531,2005-01-21,2007-01-21,775,aaaa
532,2005-01-21,2007-01-21,777,aaaa
533,2001-01-21,2003-01-21,778,aaaa
534,1900-01-20,1902-01-19,779,aaaa
535,2008-01-21,2010-01-20,780,aaaa
536,2003-01-21,2005-01-20,781,aaaa
537,1900-01-20,1902-01-19,782,aaaa
538,2008-01-21,2010-01-20,783,aaaa
539,1900-01-20,1902-01-19,784,aaaa
540,2015-01-21,2017-01-20,785,aaaa
541,2002-01-21,2004-01-21,786,aaaa
542,1900-01-20,1902-01-19,788,aaaa
543,1900-01-20,1902-01-19,789,aaaa
544,2007-01-21,2009-01-20,790,aaaa
545,1900-01-20,1902-01-19,791,aaaa
546,2005-01-21,2007-01-21,792,aaaa
547,2005-01-21,2007-01-21,793,aaaa
548,2003-01-21,2005-01-20,794,aaaa
549,2005-01-21,2007-01-21,795,aaaa
550,2001-01-21,2003-01-21,796,aaaa
551,1900-01-20,1902-01-19,419,aaaa
552,2001-01-21,2003-01-21,689,aaaa
553,2003-01-21,2005-01-20,797,aaaa
554,1900-01-20,1902-01-19,798,aaaa
555,2003-01-21,2005-01-20,799,aaaa
556,2001-01-21,2003-01-21,800,aaaa
557,2003-01-21,2005-01-20,801,aaaa
558,1900-01-20,1902-01-19,802,aaaa
559,1900-01-20,1902-01-19,173,aaaa
560,2004-01-21,2006-01-20,803,aaaa
561,1900-01-20,1902-01-19,804,aaaa
562,2010-01-21,2012-01-21,805,aaaa
563,2002-01-21,2004-01-21,806,aaaa
564,2005-01-21,2007-01-21,807,aaaa
565,2002-01-21,2004-01-21,810,aaaa
566,1900-01-20,1902-01-19,811,aaaa
567,1900-01-20,1902-01-19,812,aaaa
568,2004-01-21,2006-01-20,333,aaaa
569,2002-01-21,2004-01-21,813,aaaa
570,2002-01-21,2004-01-21,814,aaaa
571,2001-01-21,2003-01-21,141,aaaa
572,2001-01-21,2003-01-21,815,aaaa
573,2010-01-21,2012-01-21,817,aaaa
574,2001-01-21,2003-01-21,818,aaaa
575,1900-01-20,1902-01-19,819,aaaa
576,1900-01-20,1902-01-19,820,aaaa
577,2002-01-21,2004-01-21,821,aaaa
578,1900-01-20,1902-01-19,826,aaaa
579,2003-01-21,2005-01-20,829,aaaa
580,2002-01-21,2004-01-21,831,aaaa
581,1900-01-20,1902-01-19,832,aaaa
582,2001-01-21,2003-01-21,833,aaaa
583,1900-01-20,1902-01-19,834,aaaa
584,2002-01-21,2004-01-21,835,aaaa
585,2010-01-21,2012-01-21,836,aaaa
586,1900-01-20,1902-01-19,837,aaaa
587,2004-01-21,2006-01-20,838,aaaa
588,2003-01-21,2005-01-20,839,aaaa
589,2001-01-21,2003-01-21,840,aaaa
590,1900-01-20,1902-01-19,841,aaaa
591,2004-01-21,2006-01-20,842,aaaa
592,2001-01-21,2003-01-21,843,aaaa
593,1900-01-20,1902-01-19,142,aaaa
594,1900-01-20,1902-01-19,846,aaaa
595,2005-01-21,2007-01-21,847,aaaa
596,1900-01-20,1902-01-19,429,aaaa
597,2001-01-21,2003-01-21,848,aaaa
598,2003-01-21,2005-01-20,849,aaaa
599,1900-01-20,1902-01-19,850,aaaa
600,1900-01-20,1902-01-19,851,aaaa
601,1900-01-20,1902-01-19,852,aaaa
602,2005-01-21,2007-01-21,359,aaaa
603,1900-01-20,1902-01-19,853,aaaa
604,2002-01-21,2004-01-21,854,aaaa
605,1900-01-20,1902-01-19,855,aaaa
606,1900-01-20,1902-01-19,856,aaaa
607,2001-01-21,2003-01-21,282,aaaa
608,2002-01-21,2004-01-21,857,aaaa
609,2001-01-21,2003-01-21,858,aaaa
610,2001-01-21,2003-01-21,859,aaaa
611,2001-01-21,2003-01-21,174,aaaa
612,2002-01-21,2004-01-21,860,aaaa
613,1900-01-20,1902-01-19,863,aaaa
614,2013-01-21,2015-01-21,175,aaaa
615,1900-01-20,1902-01-19,864,aaaa
616,2007-01-21,2009-01-20,360,aaaa
617,1900-01-20,1902-01-19,867,aaaa
618,1900-01-20,1902-01-19,868,aaaa
619,2001-01-21,2003-01-21,746,aaaa
620,2002-01-21,2004-01-21,717,aaaa
621,1900-01-20,1902-01-19,869,aaaa
622,2002-01-21,2004-01-21,870,aaaa
623,2003-01-21,2005-01-20,871,aaaa
624,2001-01-21,2003-01-21,872,aaaa
625,2004-01-21,2006-01-20,861,aaaa
626,2001-01-21,2003-01-21,873,aaaa
627,2002-01-21,2004-01-21,874,aaaa
628,1900-01-20,1902-01-19,875,aaaa
629,2005-01-21,2007-01-21,876,aaaa
630,2001-01-21,2003-01-21,878,aaaa
631,2002-01-21,2004-01-21,880,aaaa
632,1900-01-20,1902-01-19,882,aaaa
633,2006-01-21,2008-01-21,134,aaaa
634,2002-01-21,2004-01-21,470,aaaa
635,2001-01-21,2003-01-21,885,aaaa
636,2002-01-21,2004-01-21,886,aaaa
637,2002-01-21,2004-01-21,887,aaaa
638,2009-01-21,2011-01-21,888,aaaa
639,2002-01-21,2004-01-21,889,aaaa
640,1900-01-20,1902-01-19,893,aaaa
641,2004-01-21,2006-01-20,895,aaaa
642,2002-01-21,2004-01-21,896,aaaa
643,1900-01-20,1902-01-19,897,aaaa
644,2004-01-21,2006-01-20,898,aaaa
645,2002-01-21,2004-01-21,899,aaaa
646,2001-01-21,2003-01-21,901,aaaa
647,2002-01-21,2004-01-21,293,aaaa
648,2008-01-21,2010-01-20,902,aaaa
649,2001-01-21,2003-01-21,903,aaaa
650,2008-01-21,2010-01-20,906,aaaa
651,1900-01-20,1902-01-19,907,aaaa
652,2001-01-21,2003-01-21,908,aaaa
653,2002-01-21,2004-01-21,909,aaaa
654,2004-01-21,2006-01-20,663,aaaa
655,1900-01-20,1902-01-19,910,aaaa
656,2005-01-21,2007-01-21,911,aaaa
657,2002-01-21,2004-01-21,912,aaaa
658,2005-01-21,2007-01-21,913,aaaa
659,1900-01-20,1902-01-19,915,aaaa
660,2003-01-21,2005-01-20,726,aaaa
661,1900-01-20,1902-01-19,916,aaaa
662,2002-01-21,2004-01-21,917,aaaa
663,2002-01-21,2004-01-21,917,aaaa
664,2003-01-21,2005-01-20,918,aaaa
665,2003-01-21,2005-01-20,186,aaaa
666,2002-01-21,2004-01-21,920,aaaa
667,1900-01-20,1902-01-19,921,aaaa
668,2004-01-21,2006-01-20,922,aaaa
669,2004-01-21,2006-01-20,924,aaaa
670,1900-01-20,1902-01-19,925,aaaa
671,2002-01-21,2004-01-21,926,aaaa
672,2003-01-21,2005-01-20,722,aaaa
673,2001-01-21,2003-01-21,927,aaaa
674,1900-01-20,1902-01-19,931,aaaa
675,2002-01-21,2004-01-21,666,aaaa
676,2007-01-21,2009-01-20,932,aaaa
677,1900-01-20,1902-01-19,727,aaaa
678,2004-01-21,2006-01-20,933,aaaa
679,1900-01-20,1902-01-19,934,aaaa
680,2001-01-21,2003-01-21,935,aaaa
681,2010-01-21,2012-01-21,937,aaaa
682,2006-01-21,2008-01-21,938,aaaa
683,2004-01-21,2006-01-20,554,aaaa
684,1900-01-20,1902-01-19,939,aaaa
685,1900-01-20,1902-01-19,940,aaaa
686,2001-01-21,2003-01-21,941,aaaa
687,2003-01-21,2005-01-20,942,aaaa
688,2003-01-21,2005-01-20,944,aaaa
689,2001-01-21,2003-01-21,945,aaaa
690,2002-01-21,2004-01-21,307,aaaa
691,2002-01-21,2004-01-21,946,aaaa
692,2010-01-21,2012-01-21,947,aaaa
693,2003-01-21,2005-01-20,949,aaaa
694,2006-01-21,2008-01-21,950,aaaa
695,1900-01-20,1902-01-19,951,aaaa
696,1900-01-20,1902-01-19,952,aaaa
697,1900-01-20,1902-01-19,953,aaaa
698,2001-01-21,2003-01-21,954,aaaa
699,1900-01-20,1902-01-19,955,aaaa
700,1900-01-20,1902-01-19,956,aaaa
701,1900-01-20,1902-01-19,957,aaaa
702,1900-01-20,1902-01-19,958,aaaa
703,1900-01-20,1902-01-19,959,aaaa
704,1900-01-20,1902-01-19,960,aaaa
705,1900-01-20,1902-01-19,961,aaaa
706,1900-01-20,1902-01-19,962,aaaa
707,1900-01-20,1902-01-19,963,aaaa
708,1900-01-20,1902-01-19,963,aaaa
709,1900-01-20,1902-01-19,964,aaaa
710,1900-01-20,1902-01-19,965,aaaa
711,1900-01-20,1902-01-19,966,aaaa
712,1900-01-20,1902-01-19,967,aaaa
713,2004-01-21,2006-01-20,968,aaaa
714,1900-01-20,1902-01-19,969,aaaa
715,1900-01-20,1902-01-19,390,aaaa
716,2003-01-21,2005-01-20,972,aaaa
717,1900-01-20,1902-01-19,973,aaaa
718,1900-01-20,1902-01-19,374,aaaa
719,1900-01-20,1902-01-19,974,aaaa
720,2003-01-21,2005-01-20,975,aaaa
721,1900-01-20,1902-01-19,976,aaaa
722,1900-01-20,1902-01-19,977,aaaa
723,2010-01-21,2012-01-21,39,aaaa
724,2010-01-21,2012-01-21,978,aaaa
725,2013-01-21,2015-01-21,544,aaaa
726,2002-01-21,2004-01-21,979,aaaa
727,1900-01-20,1902-01-19,980,aaaa
728,2002-01-21,2004-01-21,176,aaaa
729,2008-01-21,2010-01-20,981,aaaa
730,2004-01-21,2006-01-20,982,aaaa
731,2001-01-21,2003-01-21,983,aaaa
732,2003-01-21,2005-01-20,984,aaaa
733,2004-01-21,2006-01-20,904,aaaa
734,1900-01-20,1902-01-19,985,aaaa
735,2012-01-21,2014-01-20,988,aaaa
736,1900-01-20,1902-01-19,989,aaaa
737,2001-01-21,2003-01-21,990,aaaa
738,2014-01-21,2016-01-21,991,aaaa
739,2010-01-21,2012-01-21,994,aaaa
740,2002-01-21,2004-01-21,995,aaaa
741,2006-01-21,2008-01-21,997,aaaa
742,2002-01-21,2004-01-21,998,aaaa
743,2001-01-21,2003-01-21,999,aaaa
744,2001-01-21,2003-01-21,1000,aaaa
745,2003-01-21,2005-01-20,1001,aaaa
746,1900-01-20,1902-01-19,1002,aaaa
747,2002-01-21,2004-01-21,1003,aaaa
748,1900-01-20,1902-01-19,1004,aaaa
749,2003-01-21,2005-01-20,1006,aaaa
750,2001-01-21,2003-01-21,1007,aaaa
751,2006-01-21,2008-01-21,131,aaaa
752,2006-01-21,2008-01-21,1008,aaaa
753,2003-01-21,2005-01-20,1009,aaaa
754,2002-01-21,2004-01-21,1010,aaaa
755,1900-01-20,1902-01-19,1011,aaaa
756,1900-01-20,1902-01-19,177,aaaa
757,1900-01-20,1902-01-19,1012,aaaa
758,2005-01-21,2007-01-21,1013,aaaa
759,2005-01-21,2007-01-21,1014,aaaa
760,2003-01-21,2005-01-20,375,aaaa
761,2001-01-21,2003-01-21,1015,aaaa
762,2009-01-21,2011-01-21,1016,aaaa
763,2003-01-21,2005-01-20,526,aaaa
764,2004-01-21,2006-01-20,376,aaaa
765,2011-01-21,2013-01-20,268,aaaa
766,2005-01-21,2007-01-21,377,aaaa
767,2002-01-21,2004-01-21,1017,aaaa
768,2002-01-21,2004-01-21,1018,aaaa
769,2002-01-21,2004-01-21,1018,aaaa
770,1900-01-20,1902-01-19,1019,aaaa
771,2001-01-21,2003-01-21,1020,aaaa
772,2002-01-21,2004-01-21,1022,aaaa
773,2007-01-21,2009-01-20,1023,aaaa
774,1900-01-20,1902-01-19,1024,aaaa
775,2008-01-21,2010-01-20,1025,aaaa
776,1900-01-20,1902-01-19,1026,aaaa
777,2003-01-21,2005-01-20,1029,aaaa
778,1900-01-20,1902-01-19,1032,aaaa
779,2002-01-21,2004-01-21,1033,aaaa
780,2007-01-21,2009-01-20,1034,aaaa
781,2002-01-21,2004-01-21,472,aaaa
782,1900-01-20,1902-01-19,680,aaaa
783,2005-01-21,2007-01-21,1036,aaaa
784,2002-01-21,2004-01-21,1037,aaaa
785,1900-01-20,1902-01-19,1038,aaaa
786,2002-01-21,2004-01-21,1039,aaaa
787,2003-01-21,2005-01-20,1040,aaaa
788,2003-01-21,2005-01-20,1044,aaaa
789,2008-01-21,2010-01-20,1046,aaaa
790,1900-01-20,1902-01-19,747,aaaa
791,1900-01-20,1902-01-19,1047,aaaa
792,2006-01-21,2008-01-21,1048,aaaa
793,2005-01-21,2007-01-21,1049,aaaa
794,2001-01-21,2003-01-21,923,aaaa
795,1900-01-20,1902-01-19,1050,aaaa
796,1900-01-20,1902-01-19,1051,aaaa
797,1900-01-20,1902-01-19,1052,aaaa
798,2003-01-21,2005-01-20,1053,aaaa
799,1900-01-20,1902-01-19,1054,aaaa
800,1900-01-20,1902-01-19,8,aaaa
801,2001-01-21,2003-01-21,1055,aaaa
802,2002-01-21,2004-01-21,1056,aaaa
803,2004-01-21,2006-01-20,1057,aaaa
804,2010-01-21,2012-01-21,1058,aaaa
805,1900-01-20,1902-01-19,1059,aaaa
806,1900-01-20,1902-01-19,1060,aaaa
807,2001-01-21,2003-01-21,1063,aaaa
808,2002-01-21,2004-01-21,1064,aaaa
809,2003-01-21,2005-01-20,1065,aaaa
810,2002-01-21,2004-01-21,1066,aaaa
811,2001-01-21,2003-01-21,1067,aaaa
812,2005-01-21,2007-01-21,67,aaaa
813,1900-01-20,1902-01-19,1068,aaaa
814,2001-01-21,2003-01-21,1069,aaaa
815,1900-01-20,1902-01-19,1070,aaaa
816,1900-01-20,1902-01-19,1071,aaaa
817,2005-01-21,2007-01-21,1072,aaaa
818,2003-01-21,2005-01-20,1073,aaaa
819,2003-01-21,2005-01-20,1074,aaaa
820,2003-01-21,2005-01-20,1075,aaaa
821,1900-01-20,1902-01-19,1076,aaaa
822,2003-01-21,2005-01-20,334,aaaa
823,1900-01-20,1902-01-19,21,aaaa
824,2002-01-21,2004-01-21,1077,aaaa
825,2005-01-21,2007-01-21,1045,aaaa
826,2005-01-21,2007-01-21,1078,aaaa
827,2006-01-21,2008-01-21,228,aaaa
828,1900-01-20,1902-01-19,1079,aaaa
829,1900-01-20,1902-01-19,1080,aaaa
830,2003-01-21,2005-01-20,986,aaaa
831,2013-01-21,2015-01-21,361,aaaa
832,2006-01-21,2008-01-21,603,aaaa
833,2008-01-21,2010-01-20,1081,aaaa
834,2003-01-21,2005-01-20,1082,aaaa
835,2004-01-21,2006-01-20,1083,aaaa
836,2001-01-21,2003-01-21,1084,aaaa
837,2003-01-21,2005-01-20,1085,aaaa
838,1900-01-20,1902-01-19,1086,aaaa
839,2001-01-21,2003-01-21,737,aaaa
840,2006-01-21,2008-01-21,1027,aaaa
841,2010-01-21,2012-01-21,1087,aaaa
842,2002-01-21,2004-01-21,1088,aaaa
843,2001-01-21,2003-01-21,1089,aaaa
844,2001-01-21,2003-01-21,1090,aaaa
845,1900-01-20,1902-01-19,1091,aaaa
846,2001-01-21,2003-01-21,1092,aaaa
847,2010-01-21,2012-01-21,890,aaaa
848,2002-01-21,2004-01-21,1094,aaaa
849,1900-01-20,1902-01-19,196,aaaa
850,2015-01-21,2017-01-20,1095,aaaa
851,2010-01-21,2012-01-21,40,aaaa
852,2005-01-21,2007-01-21,1096,aaaa
853,1900-01-20,1902-01-19,748,aaaa
854,1900-01-20,1902-01-19,1097,aaaa
855,2008-01-21,2010-01-20,1098,aaaa
856,1900-01-20,1902-01-19,827,aaaa
857,2003-01-21,2005-01-20,305,aaaa
858,2002-01-21,2004-01-21,1099,aaaa
859,2003-01-21,2005-01-20,1100,aaaa
860,2011-01-21,2013-01-20,335,aaaa
861,1900-01-20,1902-01-19,1102,aaaa
862,1900-01-20,1902-01-19,1103,aaaa
863,2003-01-21,2005-01-20,1104,aaaa
864,2004-01-21,2006-01-20,905,aaaa
865,2004-01-21,2006-01-20,1028,aaaa
866,2007-01-21,2009-01-20,1105,aaaa
867,2001-01-21,2003-01-21,1106,aaaa
868,2002-01-21,2004-01-21,1107,aaaa
869,1900-01-20,1902-01-19,1108,aaaa
870,2002-01-21,2004-01-21,1109,aaaa
871,2001-01-21,2003-01-21,1110,aaaa
872,2007-01-21,2009-01-20,822,aaaa
873,2003-01-21,2005-01-20,1111,aaaa
874,1900-01-20,1902-01-19,642,aaaa
875,1900-01-20,1902-01-19,1112,aaaa
876,1900-01-20,1902-01-19,135,aaaa
877,2001-01-21,2003-01-21,1113,aaaa
878,1900-01-20,1902-01-19,602,aaaa
879,1900-01-20,1902-01-19,1114,aaaa
880,1900-01-20,1902-01-19,1115,aaaa
881,2003-01-21,2005-01-20,1116,aaaa
882,2001-01-21,2003-01-21,1117,aaaa
883,1900-01-20,1902-01-19,628,aaaa
884,2001-01-21,2003-01-21,1118,aaaa
885,2005-01-21,2007-01-21,1119,aaaa
886,1900-01-20,1902-01-19,161,aaaa
887,2001-01-21,2003-01-21,555,aaaa
888,1900-01-20,1902-01-19,1120,aaaa
889,2003-01-21,2005-01-20,861,aaaa
890,2003-01-21,2005-01-20,861,aaaa
891,2002-01-21,2004-01-21,1121,aaaa
892,1900-01-20,1902-01-19,1122,aaaa
893,2001-01-21,2003-01-21,22,aaaa
894,1900-01-20,1902-01-19,1123,aaaa
895,2002-01-21,2004-01-21,1125,aaaa
896,1900-01-20,1902-01-19,1126,aaaa
897,1900-01-20,1902-01-19,1127,aaaa
898,2007-01-21,2009-01-20,9,aaaa
899,1900-01-20,1902-01-19,1128,aaaa
900,2003-01-21,2005-01-20,1129,aaaa
901,2001-01-21,2003-01-21,1130,aaaa
902,2005-01-21,2007-01-21,527,aaaa
903,2007-01-21,2009-01-20,1131,aaaa
904,2002-01-21,2004-01-21,1132,aaaa
905,1900-01-20,1902-01-19,808,aaaa
906,2002-01-21,2004-01-21,1133,aaaa
907,2002-01-21,2004-01-21,39,aaaa
908,2003-01-21,2005-01-20,1134,aaaa
909,2002-01-21,2004-01-21,1136,aaaa
910,2002-01-21,2004-01-21,865,aaaa
911,2002-01-21,2004-01-21,1093,aaaa
912,2005-01-21,2007-01-21,1137,aaaa
913,2003-01-21,2005-01-20,1138,aaaa
914,1900-01-20,1902-01-19,1139,aaaa
915,2001-01-21,2003-01-21,1142,aaaa
916,2002-01-21,2004-01-21,996,aaaa
917,2006-01-21,2008-01-21,758,aaaa
918,2013-01-21,2015-01-21,1143,aaaa
919,1900-01-20,1902-01-19,1144,aaaa
920,2002-01-21,2004-01-21,1145,aaaa
921,2001-01-21,2003-01-21,1146,aaaa
922,1900-01-20,1902-01-19,1147,aaaa
923,2002-01-21,2004-01-21,1148,aaaa
924,2003-01-21,2005-01-20,1151,aaaa
925,1900-01-20,1902-01-19,1152,aaaa
926,1900-01-20,1902-01-19,1155,aaaa
927,1900-01-20,1902-01-19,1156,aaaa
928,2001-01-21,2003-01-21,1157,aaaa
929,2003-01-21,2005-01-20,382,aaaa
930,2002-01-21,2004-01-21,1158,aaaa
931,2001-01-21,2003-01-21,54,aaaa
932,1900-01-20,1902-01-19,1161,aaaa
933,2002-01-21,2004-01-21,861,aaaa
934,2003-01-21,2005-01-20,1162,aaaa
935,2004-01-21,2006-01-20,823,aaaa
936,2003-01-21,2005-01-20,1163,aaaa
937,1900-01-20,1902-01-19,1164,aaaa
938,2001-01-21,2003-01-21,1165,aaaa
939,1900-01-20,1902-01-19,1166,aaaa
940,2005-01-21,2007-01-21,1167,aaaa
941,2001-01-21,2003-01-21,162,aaaa
942,2004-01-21,2006-01-20,1168,aaaa
943,2005-01-21,2007-01-21,1169,aaaa
944,2002-01-21,2004-01-21,1170,aaaa
945,2003-01-21,2005-01-20,1171,aaaa
946,2002-01-21,2004-01-21,1172,aaaa
947,2001-01-21,2003-01-21,1173,aaaa
948,2002-01-21,2004-01-21,1174,aaaa
949,1900-01-20,1902-01-19,1175,aaaa
950,2001-01-21,2003-01-21,1176,aaaa
951,2003-01-21,2005-01-20,1177,aaaa
952,1900-01-20,1902-01-19,1178,aaaa
953,2003-01-21,2005-01-20,1179,aaaa
954,2002-01-21,2004-01-21,1180,aaaa
955,2002-01-21,2004-01-21,1181,aaaa
956,2003-01-21,2005-01-20,336,aaaa
957,1900-01-20,1902-01-19,1182,aaaa
958,2004-01-21,2006-01-20,1183,aaaa
959,2003-01-21,2005-01-20,1184,aaaa
960,2003-01-21,2005-01-20,1185,aaaa
961,2002-01-21,2004-01-21,1186,aaaa
962,2006-01-21,2008-01-21,1187,aaaa
963,2007-01-21,2009-01-20,259,aaaa
964,1900-01-20,1902-01-19,1188,aaaa
965,2002-01-21,2004-01-21,1189,aaaa
966,2003-01-21,2005-01-20,1190,aaaa
967,2004-01-21,2006-01-20,1192,aaaa
968,2003-01-21,2005-01-20,1193,aaaa
969,2003-01-21,2005-01-20,1194,aaaa
970,2003-01-21,2005-01-20,1195,aaaa
971,2001-01-21,2003-01-21,163,aaaa
972,1900-01-20,1902-01-19,1196,aaaa
973,1900-01-20,1902-01-19,1197,aaaa
974,1900-01-20,1902-01-19,1197,aaaa
975,2001-01-21,2003-01-21,1199,aaaa
976,2001-01-21,2003-01-21,1200,aaaa
977,2002-01-21,2004-01-21,1201,aaaa
978,2002-01-21,2004-01-21,1202,aaaa
979,2002-01-21,2004-01-21,1203,aaaa
980,2003-01-21,2005-01-20,386,aaaa
981,2002-01-21,2004-01-21,1204,aaaa
982,2002-01-21,2004-01-21,1205,aaaa
983,1900-01-20,1902-01-19,1206,aaaa
984,2003-01-21,2005-01-20,178,aaaa
985,2008-01-21,2010-01-20,1135,aaaa
986,2002-01-21,2004-01-21,1207,aaaa
987,1900-01-20,1902-01-19,1194,aaaa
988,2005-01-21,2007-01-21,1208,aaaa
989,2015-01-21,2017-01-20,1209,aaaa
990,1900-01-20,1902-01-19,1210,aaaa
991,2010-01-21,2012-01-21,1211,aaaa
992,2002-01-21,2004-01-21,179,aaaa
993,2010-01-21,2012-01-21,1212,aaaa
994,2003-01-21,2005-01-20,1213,aaaa
995,2005-01-21,2007-01-21,1215,aaaa
996,2006-01-21,2008-01-21,378,aaaa
997,2003-01-21,2005-01-20,614,aaaa
998,2005-01-21,2007-01-21,1216,aaaa
999,2006-01-21,2008-01-21,1217,aaaa
1000,1900-01-20,1902-01-19,1219,aaaa
1001,2004-01-21,2006-01-20,1220,aaaa
1002,2002-01-21,2004-01-21,460,aaaa
1003,1900-01-20,1902-01-19,1221,aaaa
1004,2001-01-21,2003-01-21,1222,aaaa
1005,2003-01-21,2005-01-20,1223,aaaa
1006,1900-01-20,1902-01-19,1224,aaaa
1007,2002-01-21,2004-01-21,1225,aaaa
1008,2001-01-21,2003-01-21,1226,aaaa
1009,2003-01-21,2005-01-20,1227,aaaa
1010,1900-01-20,1902-01-19,1228,aaaa
1011,2003-01-21,2005-01-20,1229,aaaa
1012,1900-01-20,1902-01-19,1230,aaaa
1013,2004-01-21,2006-01-20,1231,aaaa
1014,2006-01-21,2008-01-21,1232,aaaa
1015,1900-01-20,1902-01-19,1233,aaaa
1016,2003-01-21,2005-01-20,1234,aaaa
1017,2003-01-21,2005-01-20,734,aaaa
1018,2001-01-21,2003-01-21,1235,aaaa
1019,2009-01-21,2011-01-21,595,aaaa
1020,2001-01-21,2003-01-21,1236,aaaa
1021,2001-01-21,2003-01-21,189,aaaa
1022,2001-01-21,2003-01-21,1239,aaaa
1023,2003-01-21,2005-01-20,1240,aaaa
1024,2004-01-21,2006-01-20,1241,aaaa
1025,2003-01-21,2005-01-20,1243,aaaa
1026,2002-01-21,2004-01-21,1244,aaaa
1027,1900-01-20,1902-01-19,1245,aaaa
1028,2001-01-21,2003-01-21,35,aaaa
1029,1900-01-20,1902-01-19,1246,aaaa
1030,2002-01-21,2004-01-21,180,aaaa
1031,2001-01-21,2003-01-21,673,aaaa
1032,1900-01-20,1902-01-19,1247,aaaa
1033,2004-01-21,2006-01-20,1248,aaaa
1034,2004-01-21,2006-01-20,1249,aaaa
1035,2003-01-21,2005-01-20,1250,aaaa
1036,2002-01-21,2004-01-21,181,aaaa
1037,2005-01-21,2007-01-21,1251,aaaa
1038,1900-01-20,1902-01-19,1252,aaaa
1039,2002-01-21,2004-01-21,207,aaaa
1040,1900-01-20,1902-01-19,661,aaaa
1041,1900-01-20,1902-01-19,1253,aaaa
1042,2001-01-21,2003-01-21,1254,aaaa
1043,1900-01-20,1902-01-19,1255,aaaa
1044,2002-01-21,2004-01-21,1256,aaaa
1045,2004-01-21,2006-01-20,1257,aaaa
1046,2004-01-21,2006-01-20,1258,aaaa
1047,1900-01-20,1902-01-19,1259,aaaa
1048,1900-01-20,1902-01-19,10,aaaa
1049,2004-01-21,2006-01-20,1260,aaaa
1050,1900-01-20,1902-01-19,1261,aaaa
1051,1900-01-20,1902-01-19,1262,aaaa
1052,1900-01-20,1902-01-19,1263,aaaa
1053,2004-01-21,2006-01-20,632,aaaa
1054,2005-01-21,2007-01-21,1061,aaaa
1055,2002-01-21,2004-01-21,1264,aaaa
1056,2001-01-21,2003-01-21,1265,aaaa
1057,2003-01-21,2005-01-20,1266,aaaa
1058,2002-01-21,2004-01-21,1267,aaaa
1059,2020-01-21,2022-01-20,1268,aaaa
1060,1900-01-20,1902-01-19,1269,aaaa
1061,1900-01-20,1902-01-19,1270,aaaa
1062,2009-01-21,2011-01-21,787,aaaa
1063,2002-01-21,2004-01-21,1271,aaaa
1064,2005-01-21,2007-01-21,1272,aaaa
1065,2002-01-21,2004-01-21,1273,aaaa
1066,2005-01-21,2007-01-21,1274,aaaa
1067,2005-01-21,2007-01-21,1275,aaaa
1068,2001-01-21,2003-01-21,1276,aaaa
1069,2003-01-21,2005-01-20,1277,aaaa
1070,2002-01-21,2004-01-21,1278,aaaa
1071,1900-01-20,1902-01-19,1279,aaaa
1072,2006-01-21,2008-01-21,528,aaaa
1073,1900-01-20,1902-01-19,1280,aaaa
1074,2001-01-21,2003-01-21,1281,aaaa
1075,2002-01-21,2004-01-21,604,aaaa
1076,2002-01-21,2004-01-21,1282,aaaa
1077,1900-01-20,1902-01-19,1283,aaaa
1078,1900-01-20,1902-01-19,1284,aaaa
1079,2002-01-21,2004-01-21,1285,aaaa
1080,2003-01-21,2005-01-20,751,aaaa
1081,2002-01-21,2004-01-21,919,aaaa
1082,1900-01-20,1902-01-19,1286,aaaa
1083,2004-01-21,2006-01-20,1287,aaaa
1084,2002-01-21,2004-01-21,1288,aaaa
1085,1900-01-20,1902-01-19,1289,aaaa
1086,2005-01-21,2007-01-21,1290,aaaa
1087,1900-01-20,1902-01-19,1291,aaaa
1088,1900-01-20,1902-01-19,1292,aaaa
1089,1900-01-20,1902-01-19,1293,aaaa
1090,2002-01-21,2004-01-21,1295,aaaa
1091,2007-01-21,2009-01-20,41,aaaa
1092,2002-01-21,2004-01-21,1296,aaaa
1093,1900-01-20,1902-01-19,1297,aaaa
1094,2001-01-21,2003-01-21,1298,aaaa
1095,2001-01-21,2003-01-21,7,aaaa
1096,2003-01-21,2005-01-20,1299,aaaa
1097,2001-01-21,2003-01-21,1300,aaaa
1098,1900-01-20,1902-01-19,1153,aaaa
1099,2002-01-21,2004-01-21,1301,aaaa
1100,2004-01-21,2006-01-20,1302,aaaa
1101,2002-01-21,2004-01-21,105,aaaa
1102,2001-01-21,2003-01-21,201,aaaa
1103,1900-01-20,1902-01-19,1041,aaaa
1104,2003-01-21,2005-01-20,1303,aaaa
1105,1900-01-20,1902-01-19,1304,aaaa
1106,2008-01-21,2010-01-20,1305,aaaa
1107,2003-01-21,2005-01-20,1306,aaaa
1108,2002-01-21,2004-01-21,1307,aaaa
1109,1900-01-20,1902-01-19,1308,aaaa
1110,2001-01-21,2003-01-21,1309,aaaa
1111,1900-01-20,1902-01-19,1310,aaaa
1112,2003-01-21,2005-01-20,1311,aaaa
1113,2006-01-21,2008-01-21,1312,aaaa
1114,2002-01-21,2004-01-21,1313,aaaa
1115,2002-01-21,2004-01-21,1314,aaaa
1116,1900-01-20,1902-01-19,1315,aaaa
1117,2002-01-21,2004-01-21,1316,aaaa
1118,2001-01-21,2003-01-21,1318,aaaa
1119,1900-01-20,1902-01-19,1319,aaaa
1120,1900-01-20,1902-01-19,1320,aaaa
1121,2001-01-21,2003-01-21,844,aaaa
1122,1900-01-20,1902-01-19,562,aaaa
1123,1900-01-20,1902-01-19,562,aaaa
1124,1900-01-20,1902-01-19,809,aaaa
1125,2002-01-21,2004-01-21,1321,aaaa
1126,2002-01-21,2004-01-21,1322,aaaa
1127,1900-01-20,1902-01-19,1323,aaaa
1128,2003-01-21,2005-01-20,1324,aaaa
1129,2001-01-21,2003-01-21,1325,aaaa
1130,1900-01-20,1902-01-19,331,aaaa
1131,2001-01-21,2003-01-21,1326,aaaa
1132,2003-01-21,2005-01-20,1327,aaaa
1133,2014-01-21,2016-01-21,556,aaaa
1134,2002-01-21,2004-01-21,1328,aaaa
1135,2002-01-21,2004-01-21,1329,aaaa
1136,2002-01-21,2004-01-21,1330,aaaa
1137,2014-01-21,2016-01-21,1331,aaaa
1138,2005-01-21,2007-01-21,1332,aaaa
1139,2002-01-21,2004-01-21,1333,aaaa
1140,2002-01-21,2004-01-21,1334,aaaa
1141,1900-01-20,1902-01-19,1335,aaaa
1142,1900-01-20,1902-01-19,1336,aaaa
1143,2001-01-21,2003-01-21,1338,aaaa
1144,1900-01-20,1902-01-19,1339,aaaa
1145,2005-01-21,2007-01-21,1340,aaaa
1146,2001-01-21,2003-01-21,334,aaaa
1147,2003-01-21,2005-01-20,1341,aaaa
1148,1900-01-20,1902-01-19,631,aaaa
1149,1900-01-20,1902-01-19,1342,aaaa
1150,2006-01-21,2008-01-21,202,aaaa
1151,1900-01-20,1902-01-19,1343,aaaa
1152,2002-01-21,2004-01-21,1345,aaaa
1153,2001-01-21,2003-01-21,948,aaaa
1154,2003-01-21,2005-01-20,619,aaaa
1155,2003-01-21,2005-01-20,294,aaaa
1156,1900-01-20,1902-01-19,1346,aaaa
1157,2002-01-21,2004-01-21,1347,aaaa
1158,2005-01-21,2007-01-21,1348,aaaa
1159,2003-01-21,2005-01-20,1349,aaaa
1160,2001-01-21,2003-01-21,1350,aaaa
1161,1900-01-20,1902-01-19,1351,aaaa
1162,1900-01-20,1902-01-19,132,aaaa
1163,1900-01-20,1902-01-19,1352,aaaa
1164,2018-01-21,2020-01-21,1353,aaaa
1165,2001-01-21,2003-01-21,1354,aaaa
1166,2002-01-21,2004-01-21,1355,aaaa
1167,2001-01-21,2003-01-21,1356,aaaa
1168,2001-01-21,2003-01-21,1357,aaaa
1169,2001-01-21,2003-01-21,1358,aaaa
1170,2010-01-21,2012-01-21,1359,aaaa
1171,2002-01-21,2004-01-21,1360,aaaa
1172,2003-01-21,2005-01-20,1361,aaaa
1173,2001-01-21,2003-01-21,42,aaaa
1174,2005-01-21,2007-01-21,11,aaaa
1175,2005-01-21,2007-01-21,1362,aaaa
1176,2004-01-21,2006-01-20,1363,aaaa
1177,2005-01-21,2007-01-21,1364,aaaa
1178,1900-01-20,1902-01-19,1366,aaaa
1179,2004-01-21,2006-01-20,1368,aaaa
1180,2001-01-21,2003-01-21,1369,aaaa
1181,1900-01-20,1902-01-19,1371,aaaa
1182,2003-01-21,2005-01-20,1372,aaaa
1183,2003-01-21,2005-01-20,894,aaaa
1184,2006-01-21,2008-01-21,1373,aaaa
1185,2001-01-21,2003-01-21,597,aaaa
1186,1900-01-20,1902-01-19,1374,aaaa
1187,2003-01-21,2005-01-20,1375,aaaa
1188,2005-01-21,2007-01-21,1317,aaaa
1189,2003-01-21,2005-01-20,1376,aaaa
1190,2001-01-21,2003-01-21,1377,aaaa
1191,2003-01-21,2005-01-20,149,aaaa
1192,1900-01-20,1902-01-19,883,aaaa
1193,2004-01-21,2006-01-20,43,aaaa
1194,2002-01-21,2004-01-21,1378,aaaa
1195,1900-01-20,1902-01-19,1379,aaaa
1196,2007-01-21,2009-01-20,1380,aaaa
1197,1900-01-20,1902-01-19,522,aaaa
1198,2001-01-21,2003-01-21,546,aaaa
1199,2009-01-21,2011-01-21,1381,aaaa
1200,2007-01-21,2009-01-20,454,aaaa
1201,2007-01-21,2009-01-20,1382,aaaa
1202,1900-01-20,1902-01-19,1383,aaaa
1203,2001-01-21,2003-01-21,1384,aaaa
1204,2002-01-21,2004-01-21,1385,aaaa
1205,1900-01-20,1902-01-19,879,aaaa
1206,2002-01-21,2004-01-21,203,aaaa
1207,1900-01-20,1902-01-19,1386,aaaa
1208,1900-01-20,1902-01-19,1387,aaaa
1209,2010-01-21,2012-01-21,1388,aaaa
1210,2003-01-21,2005-01-20,1389,aaaa
1211,2002-01-21,2004-01-21,1390,aaaa
1212,1900-01-20,1902-01-19,287,aaaa
1213,2005-01-21,2007-01-21,1391,aaaa
1214,2003-01-21,2005-01-20,379,aaaa
1215,1900-01-20,1902-01-19,472,aaaa
1216,2004-01-21,2006-01-20,1392,aaaa
1217,2014-01-21,2016-01-21,1393,aaaa
1218,2003-01-21,2005-01-20,1394,aaaa
1219,2005-01-21,2007-01-21,1395,aaaa
1220,2002-01-21,2004-01-21,1396,aaaa
1221,1900-01-20,1902-01-19,1397,aaaa
1222,2001-01-21,2003-01-21,461,aaaa
1223,1900-01-20,1902-01-19,1398,aaaa
1224,2003-01-21,2005-01-20,1399,aaaa
1225,2002-01-21,2004-01-21,1402,aaaa
1226,2010-01-21,2012-01-21,1403,aaaa
1227,2003-01-21,2005-01-20,1404,aaaa
1228,2002-01-21,2004-01-21,190,aaaa
1229,2001-01-21,2003-01-21,1405,aaaa
1230,1900-01-20,1902-01-19,1406,aaaa
1231,2006-01-21,2008-01-21,295,aaaa
1232,2006-01-21,2008-01-21,557,aaaa
1233,2001-01-21,2003-01-21,1407,aaaa
1234,2001-01-21,2003-01-21,473,aaaa
1235,2003-01-21,2005-01-20,1408,aaaa
1236,2005-01-21,2007-01-21,722,aaaa
1237,2007-01-21,2009-01-20,1409,aaaa
1238,2008-01-21,2010-01-20,529,aaaa
1239,1900-01-20,1902-01-19,1411,aaaa
1240,1900-01-20,1902-01-19,1412,aaaa
1241,2006-01-21,2008-01-21,1413,aaaa
1242,1900-01-20,1902-01-19,1414,aaaa
1243,2001-01-21,2003-01-21,1415,aaaa
1244,2005-01-21,2007-01-21,1416,aaaa
1245,2002-01-21,2004-01-21,1417,aaaa
1246,2003-01-21,2005-01-20,1062,aaaa
1247,2002-01-21,2004-01-21,970,aaaa
1248,2001-01-21,2003-01-21,1418,aaaa
1249,2001-01-21,2003-01-21,1419,aaaa
1250,2001-01-21,2003-01-21,1420,aaaa
1251,2001-01-21,2003-01-21,387,aaaa
1252,2009-01-21,2011-01-21,1410,aaaa
1253,1900-01-20,1902-01-19,143,aaaa
1254,2004-01-21,2006-01-20,395,aaaa
1255,2010-01-21,2012-01-21,1421,aaaa
1256,2002-01-21,2004-01-21,530,aaaa
1257,1900-01-20,1902-01-19,1422,aaaa
1258,2015-01-21,2017-01-20,1423,aaaa
1259,2004-01-21,2006-01-20,1424,aaaa
1260,1900-01-20,1902-01-19,598,aaaa
1261,2006-01-21,2008-01-21,936,aaaa
1262,1900-01-20,1902-01-19,1425,aaaa
1263,1900-01-20,1902-01-19,1426,aaaa
1264,2006-01-21,2008-01-21,1427,aaaa
1265,2005-01-21,2007-01-21,1428,aaaa
1266,2001-01-21,2003-01-21,182,aaaa
1267,2002-01-21,2004-01-21,1429,aaaa
1268,2005-01-21,2007-01-21,1430,aaaa
1269,2001-01-21,2003-01-21,1431,aaaa
1270,1900-01-20,1902-01-19,1432,aaaa
1271,1900-01-20,1902-01-19,1433,aaaa
1272,1900-01-20,1902-01-19,1434,aaaa
1273,1900-01-20,1902-01-19,1435,aaaa
1274,1900-01-20,1902-01-19,1435,aaaa
1275,1900-01-20,1902-01-19,1436,aaaa
1276,2001-01-21,2003-01-21,1437,aaaa
1277,1900-01-20,1902-01-19,1438,aaaa
1278,1900-01-20,1902-01-19,1439,aaaa
1279,1900-01-20,1902-01-19,1440,aaaa
1280,1900-01-20,1902-01-19,1441,aaaa
1281,2005-01-21,2007-01-21,697,aaaa
1282,1900-01-20,1902-01-19,1442,aaaa
1283,2003-01-21,2005-01-20,1304,aaaa
1284,2002-01-21,2004-01-21,1443,aaaa
1285,2003-01-21,2005-01-20,1444,aaaa
1286,2001-01-21,2003-01-21,1446,aaaa
1287,2005-01-21,2007-01-21,1447,aaaa
1288,1900-01-20,1902-01-19,1448,aaaa
1289,2004-01-21,2006-01-20,1449,aaaa
1290,2005-01-21,2007-01-21,1450,aaaa
1291,1900-01-20,1902-01-19,1451,aaaa
1292,2002-01-21,2004-01-21,1452,aaaa
1293,2015-01-21,2017-01-20,698,aaaa
1294,1900-01-20,1902-01-19,1453,aaaa
1295,2004-01-21,2006-01-20,1454,aaaa
1296,2002-01-21,2004-01-21,1455,aaaa
1297,2004-01-21,2006-01-20,928,aaaa
1298,2005-01-21,2007-01-21,1456,aaaa
1299,2001-01-21,2003-01-21,1457,aaaa
1300,2003-01-21,2005-01-20,1459,aaaa
1301,1900-01-20,1902-01-19,1460,aaaa
1302,1900-01-20,1902-01-19,1461,aaaa
1303,1900-01-20,1902-01-19,1462,aaaa
1304,2003-01-21,2005-01-20,1463,aaaa
1305,1900-01-20,1902-01-19,1464,aaaa
1306,2009-01-21,2011-01-21,718,aaaa
1307,1900-01-20,1902-01-19,1466,aaaa
1308,2003-01-21,2005-01-20,1467,aaaa
1309,2007-01-21,2009-01-20,128,aaaa
1310,2002-01-21,2004-01-21,1468,aaaa
1311,1900-01-20,1902-01-19,1294,aaaa
1312,2001-01-21,2003-01-21,1469,aaaa
1313,2001-01-21,2003-01-21,1470,aaaa
1314,2001-01-21,2003-01-21,366,aaaa
1315,1900-01-20,1902-01-19,1471,aaaa
1316,2001-01-21,2003-01-21,531,aaaa
1317,2002-01-21,2004-01-21,1472,aaaa
1318,2004-01-21,2006-01-20,337,aaaa
1319,2010-01-21,2012-01-21,1473,aaaa
1320,2013-01-21,2015-01-21,1474,aaaa
1321,2003-01-21,2005-01-20,1475,aaaa
1322,2006-01-21,2008-01-21,1476,aaaa
1323,2002-01-21,2004-01-21,1477,aaaa
1324,2006-01-21,2008-01-21,1478,aaaa
1325,2005-01-21,2007-01-21,1479,aaaa
1326,2001-01-21,2003-01-21,1480,aaaa
1327,2003-01-21,2005-01-20,1483,aaaa
1328,2002-01-21,2004-01-21,1484,aaaa
1329,2014-01-21,2016-01-21,497,aaaa
1330,2002-01-21,2004-01-21,1485,aaaa
1331,2001-01-21,2003-01-21,1486,aaaa
1332,2002-01-21,2004-01-21,1030,aaaa
1333,2005-01-21,2007-01-21,388,aaaa
1334,1900-01-20,1902-01-19,1488,aaaa
1335,1900-01-20,1902-01-19,1042,aaaa
1336,2010-01-21,2012-01-21,1490,aaaa
1337,1900-01-20,1902-01-19,225,aaaa
1338,2005-01-21,2007-01-21,1491,aaaa
1339,1900-01-20,1902-01-19,1492,aaaa
1340,1900-01-20,1902-01-19,1493,aaaa
1341,2004-01-21,2006-01-20,1494,aaaa
1342,2002-01-21,2004-01-21,1495,aaaa
1343,2008-01-21,2010-01-20,1496,aaaa
1344,1900-01-20,1902-01-19,1497,aaaa
1345,2006-01-21,2008-01-21,1498,aaaa
1346,2002-01-21,2004-01-21,12,aaaa
1347,2004-01-21,2006-01-20,260,aaaa
1348,2002-01-21,2004-01-21,1499,aaaa
1349,2010-01-21,2012-01-21,1500,aaaa
1350,2001-01-21,2003-01-21,1501,aaaa
1351,2005-01-21,2007-01-21,1502,aaaa
1352,1900-01-20,1902-01-19,891,aaaa
1353,2002-01-21,2004-01-21,1503,aaaa
1354,2001-01-21,2003-01-21,1504,aaaa
1355,2003-01-21,2005-01-20,1505,aaaa
1356,1900-01-20,1902-01-19,1506,aaaa
1357,2003-01-21,2005-01-20,1507,aaaa
1358,2018-01-21,2020-01-21,1508,aaaa
1359,2005-01-21,2007-01-21,1509,aaaa
1360,2003-01-21,2005-01-20,1510,aaaa
1361,2002-01-21,2004-01-21,261,aaaa
1362,2002-01-21,2004-01-21,1511,aaaa
1363,1900-01-20,1902-01-19,1512,aaaa
1364,2001-01-21,2003-01-21,1513,aaaa
1365,2003-01-21,2005-01-20,1514,aaaa
1366,1900-01-20,1902-01-19,1515,aaaa
1367,2005-01-21,2007-01-21,1516,aaaa
1368,1900-01-20,1902-01-19,110,aaaa
1369,1900-01-20,1902-01-19,1517,aaaa
1370,2005-01-21,2007-01-21,191,aaaa
1371,2002-01-21,2004-01-21,23,aaaa
1372,2007-01-21,2009-01-20,376,aaaa
1373,1900-01-20,1902-01-19,1518,aaaa
1374,2001-01-21,2003-01-21,13,aaaa
1375,2002-01-21,2004-01-21,1519,aaaa
1376,2008-01-21,2010-01-20,1520,aaaa
1377,2010-01-21,2012-01-21,1521,aaaa
1378,2002-01-21,2004-01-21,1522,aaaa
1379,2006-01-21,2008-01-21,772,aaaa
1380,1900-01-20,1902-01-19,144,aaaa
1381,2005-01-21,2007-01-21,1523,aaaa
1382,2003-01-21,2005-01-20,1524,aaaa
1383,2015-01-21,2017-01-20,1525,aaaa
1384,2002-01-21,2004-01-21,1526,aaaa
1385,2007-01-21,2009-01-20,1527,aaaa
1386,1900-01-20,1902-01-19,1481,aaaa
1387,1900-01-20,1902-01-19,1528,aaaa
1388,2003-01-21,2005-01-20,150,aaaa
1389,1900-01-20,1902-01-19,1529,aaaa
1390,1900-01-20,1902-01-19,1530,aaaa
1391,1900-01-20,1902-01-19,1531,aaaa
1392,2003-01-21,2005-01-20,96,aaaa
1393,2001-01-21,2003-01-21,97,aaaa
1394,2009-01-21,2011-01-21,1532,aaaa
1395,2002-01-21,2004-01-21,1533,aaaa
1396,2004-01-21,2006-01-20,1534,aaaa
1397,2012-01-21,2014-01-20,1535,aaaa
1398,2001-01-21,2003-01-21,1536,aaaa
1399,2010-01-21,2012-01-21,362,aaaa
1400,2002-01-21,2004-01-21,314,aaaa
1401,2003-01-21,2005-01-20,346,aaaa
1402,2003-01-21,2005-01-20,1537,aaaa
1403,2003-01-21,2005-01-20,1538,aaaa
1404,1900-01-20,1902-01-19,113,aaaa
1405,2005-01-21,2007-01-21,466,aaaa
1406,2001-01-21,2003-01-21,1539,aaaa
1407,2001-01-21,2003-01-21,434,aaaa
1408,2003-01-21,2005-01-20,1542,aaaa
1409,2002-01-21,2004-01-21,1543,aaaa
1410,2003-01-21,2005-01-20,1544,aaaa
1411,1900-01-20,1902-01-19,1545,aaaa
1412,2003-01-21,2005-01-20,1400,aaaa
1413,2005-01-21,2007-01-21,1546,aaaa
1414,2010-01-21,2012-01-21,1547,aaaa
1415,2005-01-21,2007-01-21,674,aaaa
1416,2001-01-21,2003-01-21,518,aaaa
1417,2003-01-21,2005-01-20,1548,aaaa
1418,2002-01-21,2004-01-21,1549,aaaa
1419,1900-01-20,1902-01-19,1005,aaaa
1420,2004-01-21,2006-01-20,1550,aaaa
1421,2004-01-21,2006-01-20,1551,aaaa
1422,1900-01-20,1902-01-19,1552,aaaa
1423,1900-01-20,1902-01-19,1553,aaaa
1424,2004-01-21,2006-01-20,1554,aaaa
1425,2001-01-21,2003-01-21,208,aaaa
1426,1900-01-20,1902-01-19,1555,aaaa
1427,2001-01-21,2003-01-21,1556,aaaa
1428,2002-01-21,2004-01-21,1557,aaaa
1429,2002-01-21,2004-01-21,1558,aaaa
1430,1900-01-20,1902-01-19,1559,aaaa
1431,1900-01-20,1902-01-19,1561,aaaa
1432,2003-01-21,2005-01-20,444,aaaa
1433,2001-01-21,2003-01-21,1562,aaaa
1434,1900-01-20,1902-01-19,420,aaaa
1435,2003-01-21,2005-01-20,1563,aaaa
1436,2002-01-21,2004-01-21,1564,aaaa
1437,2005-01-21,2007-01-21,296,aaaa
1438,2002-01-21,2004-01-21,1565,aaaa
1439,2010-01-21,2012-01-21,399,aaaa
1440,2005-01-21,2007-01-21,1566,aaaa
1441,2001-01-21,2003-01-21,1567,aaaa
1442,2004-01-21,2006-01-20,681,aaaa
1443,1900-01-20,1902-01-19,749,aaaa
1444,2004-01-21,2006-01-20,1568,aaaa
1445,1900-01-20,1902-01-19,1569,aaaa
1446,2010-01-21,2012-01-21,1570,aaaa
1447,2004-01-21,2006-01-20,183,aaaa
1448,1900-01-20,1902-01-19,1571,aaaa
1449,2005-01-21,2007-01-21,1572,aaaa
1450,2010-01-21,2012-01-21,338,aaaa
1451,2005-01-21,2007-01-21,339,aaaa
1452,1900-01-20,1902-01-19,1573,aaaa
1453,2007-01-21,2009-01-20,1574,aaaa
1454,2001-01-21,2003-01-21,1575,aaaa
1455,2007-01-21,2009-01-20,1577,aaaa
1456,1900-01-20,1902-01-19,1578,aaaa
1457,2001-01-21,2003-01-21,1140,aaaa
1458,2007-01-21,2009-01-20,1579,aaaa
1459,2001-01-21,2003-01-21,1021,aaaa
1460,1900-01-20,1902-01-19,1580,aaaa
1461,2001-01-21,2003-01-21,1582,aaaa
1462,1900-01-20,1902-01-19,340,aaaa
1463,2007-01-21,2009-01-20,1585,aaaa
1464,2006-01-21,2008-01-21,1586,aaaa
1465,2002-01-21,2004-01-21,1587,aaaa
1466,1900-01-20,1902-01-19,1589,aaaa
1467,1900-01-20,1902-01-19,1590,aaaa
1468,2002-01-21,2004-01-21,1487,aaaa
1469,2002-01-21,2004-01-21,1591,aaaa
1470,2003-01-21,2005-01-20,1592,aaaa
1471,2002-01-21,2004-01-21,1593,aaaa
1472,2003-01-21,2005-01-20,74,aaaa
1473,2001-01-21,2003-01-21,1594,aaaa
1474,2001-01-21,2003-01-21,1595,aaaa
1475,2001-01-21,2003-01-21,1595,aaaa
1476,1900-01-20,1902-01-19,1596,aaaa
1477,2005-01-21,2007-01-21,269,aaaa
1478,1900-01-20,1902-01-19,1597,aaaa
1479,1900-01-20,1902-01-19,1598,aaaa
1480,1900-01-20,1902-01-19,265,aaaa
1481,1900-01-20,1902-01-19,1599,aaaa
1482,2001-01-21,2003-01-21,1583,aaaa
1483,2005-01-21,2007-01-21,1600,aaaa
1484,2008-01-21,2010-01-20,1603,aaaa
1485,2005-01-21,2007-01-21,1604,aaaa
1486,2004-01-21,2006-01-20,1606,aaaa
1487,2010-01-21,2012-01-21,341,aaaa
1488,2003-01-21,2005-01-20,41,aaaa
1489,2002-01-21,2004-01-21,1608,aaaa
1490,2002-01-21,2004-01-21,1609,aaaa
1491,2008-01-21,2010-01-20,626,aaaa
1492,2002-01-21,2004-01-21,1610,aaaa
1493,2004-01-21,2006-01-20,1611,aaaa
1494,2002-01-21,2004-01-21,1612,aaaa
1495,1900-01-20,1902-01-19,1035,aaaa
1496,2010-01-21,2012-01-21,1613,aaaa
1497,2001-01-21,2003-01-21,512,aaaa
1498,2003-01-21,2005-01-20,1614,aaaa
1499,2008-01-21,2010-01-20,270,aaaa
1500,2004-01-21,2006-01-20,102,aaaa
1501,2003-01-21,2005-01-20,415,aaaa
1502,2001-01-21,2003-01-21,1615,aaaa
1503,2004-01-21,2006-01-20,1616,aaaa
1504,2003-01-21,2005-01-20,1617,aaaa
1505,2003-01-21,2005-01-20,1618,aaaa
1506,2002-01-21,2004-01-21,1619,aaaa
1507,2003-01-21,2005-01-20,691,aaaa
1508,2005-01-21,2007-01-21,1621,aaaa
1509,2001-01-21,2003-01-21,1622,aaaa
1510,1900-01-20,1902-01-19,1623,aaaa
1511,2004-01-21,2006-01-20,1624,aaaa
1512,1900-01-20,1902-01-19,1625,aaaa
1513,2003-01-21,2005-01-20,1626,aaaa
1514,1900-01-20,1902-01-19,1627,aaaa
1515,1900-01-20,1902-01-19,1628,aaaa
1516,2001-01-21,2003-01-21,1629,aaaa
1517,1900-01-20,1902-01-19,1630,aaaa
1518,2001-01-21,2003-01-21,877,aaaa
1519,1900-01-20,1902-01-19,1631,aaaa
1520,2015-01-21,2017-01-20,1632,aaaa
1521,1900-01-20,1902-01-19,1633,aaaa
1522,2003-01-21,2005-01-20,1635,aaaa
1523,2005-01-21,2007-01-21,1636,aaaa
1524,2004-01-21,2006-01-20,1637,aaaa
1525,2003-01-21,2005-01-20,1638,aaaa
1526,1900-01-20,1902-01-19,1639,aaaa
1527,2001-01-21,2003-01-21,204,aaaa
1528,1900-01-20,1902-01-19,1640,aaaa
1529,2002-01-21,2004-01-21,1641,aaaa
1530,2011-01-21,2013-01-20,47,aaaa
1531,2002-01-21,2004-01-21,1642,aaaa
1532,2005-01-21,2007-01-21,1643,aaaa
1533,2001-01-21,2003-01-21,845,aaaa
1534,1900-01-20,1902-01-19,1644,aaaa
1535,1900-01-20,1902-01-19,1645,aaaa
1536,2002-01-21,2004-01-21,1370,aaaa
1537,2004-01-21,2006-01-20,1647,aaaa
1538,1900-01-20,1902-01-19,1482,aaaa
1539,2005-01-21,2007-01-21,14,aaaa
1540,1900-01-20,1902-01-19,1648,aaaa
1541,2004-01-21,2006-01-20,1649,aaaa
1542,1900-01-20,1902-01-19,1650,aaaa
1543,2003-01-21,2005-01-20,1651,aaaa
1544,2001-01-21,2003-01-21,1652,aaaa
1545,2002-01-21,2004-01-21,1654,aaaa
1546,1900-01-20,1902-01-19,1655,aaaa
1547,2007-01-21,2009-01-20,1656,aaaa
1548,2004-01-21,2006-01-20,262,aaaa
1549,2002-01-21,2004-01-21,1657,aaaa
1550,2003-01-21,2005-01-20,1658,aaaa
1551,2006-01-21,2008-01-21,1659,aaaa
1552,2007-01-21,2009-01-20,229,aaaa
1553,1900-01-20,1902-01-19,1660,aaaa
1554,1900-01-20,1902-01-19,1661,aaaa
1555,1900-01-20,1902-01-19,1662,aaaa
1556,2002-01-21,2004-01-21,1663,aaaa
1557,2006-01-21,2008-01-21,1664,aaaa
1558,2004-01-21,2006-01-20,1401,aaaa
1559,2003-01-21,2005-01-20,1665,aaaa
1560,1900-01-20,1902-01-19,1666,aaaa
1561,2001-01-21,2003-01-21,1667,aaaa
1562,2001-01-21,2003-01-21,1668,aaaa
1563,2006-01-21,2008-01-21,1669,aaaa
1564,2009-01-21,2011-01-21,1670,aaaa
1565,2006-01-21,2008-01-21,1671,aaaa
1566,2003-01-21,2005-01-20,228,aaaa
1567,1900-01-20,1902-01-19,1672,aaaa
1568,2003-01-21,2005-01-20,1673,aaaa
1569,1900-01-20,1902-01-19,1674,aaaa
1570,1900-01-20,1902-01-19,1675,aaaa
1571,2007-01-21,2009-01-20,1676,aaaa
1572,2010-01-21,2012-01-21,1677,aaaa
1573,1900-01-20,1902-01-19,1678,aaaa
1574,2008-01-21,2010-01-20,1365,aaaa
1575,1900-01-20,1902-01-19,1679,aaaa
1576,2004-01-21,2006-01-20,1680,aaaa
1577,2006-01-21,2008-01-21,1681,aaaa
1578,2002-01-21,2004-01-21,1682,aaaa
1579,2001-01-21,2003-01-21,1683,aaaa
1580,2006-01-21,2008-01-21,297,aaaa
1581,2013-01-21,2015-01-21,298,aaaa
1582,1900-01-20,1902-01-19,528,aaaa
1583,2001-01-21,2003-01-21,1684,aaaa
1584,2001-01-21,2003-01-21,1685,aaaa
1585,2001-01-21,2003-01-21,1686,aaaa
1586,2001-01-21,2003-01-21,1687,aaaa
1587,2001-01-21,2003-01-21,1688,aaaa
1588,2004-01-21,2006-01-20,1689,aaaa
1589,2004-01-21,2006-01-20,862,aaaa
1590,1900-01-20,1902-01-19,1690,aaaa
1591,1900-01-20,1902-01-19,1691,aaaa
1592,2002-01-21,2004-01-21,1692,aaaa
1593,2001-01-21,2003-01-21,1693,aaaa
1594,2008-01-21,2010-01-20,1694,aaaa
1595,2003-01-21,2005-01-20,1695,aaaa
1596,2001-01-21,2003-01-21,861,aaaa
1597,2003-01-21,2005-01-20,1696,aaaa
1598,1900-01-20,1902-01-19,1697,aaaa
1599,2002-01-21,2004-01-21,1698,aaaa
1600,2020-01-21,2022-01-20,1699,aaaa
1601,2002-01-21,2004-01-21,1620,aaaa
1602,1900-01-20,1902-01-19,1700,aaaa
1603,2004-01-21,2006-01-20,1701,aaaa
1604,2003-01-21,2005-01-20,1702,aaaa
1605,2002-01-21,2004-01-21,1703,aaaa
1606,2005-01-21,2007-01-21,1704,aaaa
1607,1900-01-20,1902-01-19,599,aaaa
1608,2001-01-21,2003-01-21,1705,aaaa
1609,2005-01-21,2007-01-21,1706,aaaa
1610,2002-01-21,2004-01-21,1707,aaaa
1611,2002-01-21,2004-01-21,1708,aaaa
1612,2002-01-21,2004-01-21,1709,aaaa
1613,2008-01-21,2010-01-20,44,aaaa
1614,2001-01-21,2003-01-21,1710,aaaa
1615,2001-01-21,2003-01-21,1711,aaaa
1616,1900-01-20,1902-01-19,1712,aaaa
1617,1900-01-20,1902-01-19,1713,aaaa
1618,1900-01-20,1902-01-19,247,aaaa
1619,2001-01-21,2003-01-21,1714,aaaa
1620,2005-01-21,2007-01-21,1344,aaaa
1621,1900-01-20,1902-01-19,1715,aaaa
1622,1900-01-20,1902-01-19,1716,aaaa
1623,2002-01-21,2004-01-21,1717,aaaa
1624,2006-01-21,2008-01-21,1718,aaaa
1625,2002-01-21,2004-01-21,1719,aaaa
1626,1900-01-20,1902-01-19,1720,aaaa
1627,2003-01-21,2005-01-20,313,aaaa
1628,2014-01-21,2016-01-21,1721,aaaa
1629,2002-01-21,2004-01-21,1722,aaaa
1630,1900-01-20,1902-01-19,1723,aaaa
1631,2015-01-21,2017-01-20,1724,aaaa
1632,2003-01-21,2005-01-20,1725,aaaa
1633,2002-01-21,2004-01-21,77,aaaa
1634,2002-01-21,2004-01-21,1726,aaaa
1635,2001-01-21,2003-01-21,1727,aaaa
1636,2003-01-21,2005-01-20,1728,aaaa
1637,2008-01-21,2010-01-20,1729,aaaa
1638,2008-01-21,2010-01-20,24,aaaa
1639,1900-01-20,1902-01-19,380,aaaa
1640,1900-01-20,1902-01-19,124,aaaa
1641,2003-01-21,2005-01-20,312,aaaa
1642,2008-01-21,2010-01-20,1730,aaaa
1643,2006-01-21,2008-01-21,1731,aaaa
1644,1900-01-20,1902-01-19,511,aaaa
1645,2015-01-21,2017-01-20,102,aaaa
1646,2004-01-21,2006-01-20,303,aaaa
1647,1900-01-20,1902-01-19,1732,aaaa
1648,2010-01-21,2012-01-21,1733,aaaa
1649,1900-01-20,1902-01-19,1734,aaaa
1650,2005-01-21,2007-01-21,1736,aaaa
1651,2003-01-21,2005-01-20,1737,aaaa
1652,1900-01-20,1902-01-19,1738,aaaa
1653,2001-01-21,2003-01-21,1739,aaaa
1654,2006-01-21,2008-01-21,1740,aaaa
1655,2001-01-21,2003-01-21,1741,aaaa
1656,2005-01-21,2007-01-21,1742,aaaa
1657,2002-01-21,2004-01-21,1743,aaaa
1658,2002-01-21,2004-01-21,363,aaaa
1659,2001-01-21,2003-01-21,1744,aaaa
1660,1900-01-20,1902-01-19,1745,aaaa
1661,2002-01-21,2004-01-21,1746,aaaa
1662,1900-01-20,1902-01-19,1747,aaaa
1663,2003-01-21,2005-01-20,1749,aaaa
1664,2002-01-21,2004-01-21,1750,aaaa
1665,2003-01-21,2005-01-20,1751,aaaa
1666,1900-01-20,1902-01-19,1752,aaaa
1667,1900-01-20,1902-01-19,892,aaaa
1668,2001-01-21,2003-01-21,592,aaaa
1669,2002-01-21,2004-01-21,1754,aaaa
1670,2001-01-21,2003-01-21,1540,aaaa
1671,1900-01-20,1902-01-19,1755,aaaa
1672,2004-01-21,2006-01-20,31,aaaa
1673,2010-01-21,2012-01-21,694,aaaa
1674,1900-01-20,1902-01-19,1756,aaaa
1675,2001-01-21,2003-01-21,1735,aaaa
1676,2001-01-21,2003-01-21,299,aaaa
1677,2001-01-21,2003-01-21,1757,aaaa
1678,2005-01-21,2007-01-21,1758,aaaa
1679,2007-01-21,2009-01-20,1759,aaaa
1680,2020-01-21,2022-01-20,1760,aaaa
1681,1900-01-20,1902-01-19,1762,aaaa
1682,1900-01-20,1902-01-19,1763,aaaa
1683,2010-01-21,2012-01-21,1765,aaaa
1684,1900-01-20,1902-01-19,1766,aaaa
1685,2005-01-21,2007-01-21,1149,aaaa
1686,2002-01-21,2004-01-21,1767,aaaa
1687,1900-01-20,1902-01-19,1768,aaaa
1688,1900-01-20,1902-01-19,1769,aaaa
1689,2001-01-21,2003-01-21,1770,aaaa
1690,2001-01-21,2003-01-21,1771,aaaa
1691,2003-01-21,2005-01-20,1772,aaaa
1692,2006-01-21,2008-01-21,1560,aaaa
1693,2002-01-21,2004-01-21,1773,aaaa
1694,1900-01-20,1902-01-19,1774,aaaa
1695,1900-01-20,1902-01-19,353,aaaa
1696,2003-01-21,2005-01-20,1775,aaaa
1697,2001-01-21,2003-01-21,1458,aaaa
1698,2005-01-21,2007-01-21,1776,aaaa
1699,1900-01-20,1902-01-19,1775,aaaa
1700,1900-01-20,1902-01-19,1775,aaaa
1701,2002-01-21,2004-01-21,1777,aaaa
1702,2001-01-21,2003-01-21,1778,aaaa
1703,2003-01-21,2005-01-20,1779,aaaa
1704,1900-01-20,1902-01-19,1780,aaaa
1705,2002-01-21,2004-01-21,500,aaaa
1706,2001-01-21,2003-01-21,1781,aaaa
1707,2010-01-21,2012-01-21,830,aaaa
1708,1900-01-20,1902-01-19,319,aaaa
1709,2004-01-21,2006-01-20,405,aaaa
1710,1900-01-20,1902-01-19,393,aaaa
1711,1900-01-20,1902-01-19,1782,aaaa
1712,1900-01-20,1902-01-19,929,aaaa
1713,1900-01-20,1902-01-19,1783,aaaa
1714,1900-01-20,1902-01-19,1784,aaaa
1715,2003-01-21,2005-01-20,1601,aaaa
1716,2001-01-21,2003-01-21,1785,aaaa
1717,2006-01-21,2008-01-21,1753,aaaa
1718,2025-01-21,2027-01-21,573,aaaa
1719,1900-01-20,1902-01-19,1786,aaaa
1720,2001-01-21,2003-01-21,1787,aaaa
1721,2005-01-21,2007-01-21,1788,aaaa
1722,2014-01-21,2016-01-21,1789,aaaa
1723,2003-01-21,2005-01-20,1761,aaaa
1724,1900-01-20,1902-01-19,1790,aaaa
1725,2005-01-21,2007-01-21,1445,aaaa
1726,1900-01-20,1902-01-19,1791,aaaa
1727,2003-01-21,2005-01-20,300,aaaa
1728,2002-01-21,2004-01-21,1792,aaaa
1729,2004-01-21,2006-01-20,25,aaaa
1730,2002-01-21,2004-01-21,1793,aaaa
1731,2009-01-21,2011-01-21,1794,aaaa
1732,2003-01-21,2005-01-20,1795,aaaa
1733,2002-01-21,2004-01-21,1796,aaaa
1734,2004-01-21,2006-01-20,1797,aaaa
1735,2004-01-21,2006-01-20,1798,aaaa
1736,2047-01-21,2049-01-20,1799,aaaa
1737,2007-01-21,2009-01-20,1465,aaaa
1738,2002-01-21,2004-01-21,1800,aaaa
1739,2002-01-21,2004-01-21,1801,aaaa
1740,1900-01-20,1902-01-19,1802,aaaa
1741,1900-01-20,1902-01-19,1803,aaaa
1742,1900-01-20,1902-01-19,1805,aaaa
1743,2010-01-21,2012-01-21,1806,aaaa
1744,2002-01-21,2004-01-21,1031,aaaa
1745,2020-01-21,2022-01-20,1807,aaaa
1746,2001-01-21,2003-01-21,1808,aaaa
1747,2005-01-21,2007-01-21,866,aaaa
1748,2003-01-21,2005-01-20,1809,aaaa
1749,1900-01-20,1902-01-19,1810,aaaa
1750,2001-01-21,2003-01-21,1101,aaaa
1751,2003-01-21,2005-01-20,1811,aaaa
1752,2006-01-21,2008-01-21,1812,aaaa
1753,2002-01-21,2004-01-21,1813,aaaa
1754,2001-01-21,2003-01-21,1814,aaaa
1755,2003-01-21,2005-01-20,1815,aaaa
1756,2004-01-21,2006-01-20,824,aaaa
1757,2007-01-21,2009-01-20,1816,aaaa
1758,2006-01-21,2008-01-21,1817,aaaa
1759,2003-01-21,2005-01-20,1818,aaaa
1760,2005-01-21,2007-01-21,1820,aaaa
1761,2001-01-21,2003-01-21,1821,aaaa
1762,2003-01-21,2005-01-20,1822,aaaa
1763,2003-01-21,2005-01-20,513,aaaa
1764,2010-01-21,2012-01-21,1823,aaaa
1765,1900-01-20,1902-01-19,1824,aaaa
1766,2001-01-21,2003-01-21,1825,aaaa
1767,1900-01-20,1902-01-19,1826,aaaa
1768,2004-01-21,2006-01-20,1827,aaaa
1769,2003-01-21,2005-01-20,1584,aaaa
1770,2006-01-21,2008-01-21,1828,aaaa
1771,1900-01-20,1902-01-19,1150,aaaa
1772,2005-01-21,2007-01-21,1602,aaaa
1773,1900-01-20,1902-01-19,1829,aaaa
1774,2006-01-21,2008-01-21,1830,aaaa
1775,2010-01-21,2012-01-21,1831,aaaa
1776,2003-01-21,2005-01-20,1832,aaaa
1777,2010-01-21,2012-01-21,1833,aaaa
1778,1900-01-20,1902-01-19,1834,aaaa
1779,1900-01-20,1902-01-19,1835,aaaa
1780,2005-01-21,2007-01-21,1836,aaaa
1781,2006-01-21,2008-01-21,7,aaaa
1782,2004-01-21,2006-01-20,1837,aaaa
1783,2004-01-21,2006-01-20,1607,aaaa
1784,2001-01-21,2003-01-21,1839,aaaa
1785,2003-01-21,2005-01-20,1840,aaaa
1786,2001-01-21,2003-01-21,900,aaaa
1787,2006-01-21,2008-01-21,430,aaaa
1788,1900-01-20,1902-01-19,1841,aaaa
1789,2001-01-21,2003-01-21,1842,aaaa
1790,2010-01-21,2012-01-21,1218,aaaa
1791,2002-01-21,2004-01-21,1843,aaaa
1792,1900-01-20,1902-01-19,1844,aaaa
1793,2002-01-21,2004-01-21,58,aaaa
1794,2002-01-21,2004-01-21,655,aaaa
1795,1900-01-20,1902-01-19,1588,aaaa
1796,2003-01-21,2005-01-20,263,aaaa
1797,2003-01-21,2005-01-20,145,aaaa
1798,2001-01-21,2003-01-21,1845,aaaa
1799,2002-01-21,2004-01-21,1846,aaaa
1800,2008-01-21,2010-01-20,98,aaaa
1801,1900-01-20,1902-01-19,1135,aaaa
1802,2002-01-21,2004-01-21,1600,aaaa
1803,1900-01-20,1902-01-19,1847,aaaa
1804,2002-01-21,2004-01-21,364,aaaa
1805,1900-01-20,1902-01-19,1849,aaaa
1806,2002-01-21,2004-01-21,1850,aaaa
1807,1900-01-20,1902-01-19,1851,aaaa
1808,2004-01-21,2006-01-20,1852,aaaa
1809,1900-01-20,1902-01-19,1853,aaaa
1810,2005-01-21,2007-01-21,865,aaaa
1811,1900-01-20,1902-01-19,1854,aaaa
1812,1900-01-20,1902-01-19,1855,aaaa
1813,2001-01-21,2003-01-21,1856,aaaa
1814,2004-01-21,2006-01-20,230,aaaa
1815,2001-01-21,2003-01-21,1857,aaaa
1816,2006-01-21,2008-01-21,1858,aaaa
1817,1900-01-20,1902-01-19,1859,aaaa
1818,2005-01-21,2007-01-21,244,aaaa
1819,2003-01-21,2005-01-20,825,aaaa
1820,1900-01-20,1902-01-19,1860,aaaa
1821,2003-01-21,2005-01-20,1861,aaaa
1822,2002-01-21,2004-01-21,1862,aaaa
1823,2004-01-21,2006-01-20,1863,aaaa
1824,2004-01-21,2006-01-20,1084,aaaa
1825,1900-01-20,1902-01-19,1865,aaaa
1826,2004-01-21,2006-01-20,1864,aaaa
1827,2001-01-21,2003-01-21,1867,aaaa
1828,1900-01-20,1902-01-19,1868,aaaa
1829,1900-01-20,1902-01-19,1870,aaaa
1830,2005-01-21,2007-01-21,1871,aaaa
1831,1900-01-20,1902-01-19,1872,aaaa
1832,1900-01-20,1902-01-19,730,aaaa
1833,2010-01-21,2012-01-21,1873,aaaa
1834,2003-01-21,2005-01-20,1372,aaaa
1835,2001-01-21,2003-01-21,1874,aaaa
1836,2004-01-21,2006-01-20,1875,aaaa
1837,1900-01-20,1902-01-19,1876,aaaa
1838,1900-01-20,1902-01-19,1877,aaaa
1839,2007-01-21,2009-01-20,1878,aaaa
1840,1900-01-20,1902-01-19,881,aaaa
1841,1900-01-20,1902-01-19,1879,aaaa
1842,1900-01-20,1902-01-19,639,aaaa
1843,2009-01-21,2011-01-21,1880,aaaa
1844,2005-01-21,2007-01-21,1881,aaaa
1845,2002-01-21,2004-01-21,1882,aaaa
1846,2003-01-21,2005-01-20,1883,aaaa
1847,1900-01-20,1902-01-19,1884,aaaa
1848,2009-01-21,2011-01-21,1885,aaaa
1849,1900-01-20,1902-01-19,1886,aaaa
1850,2002-01-21,2004-01-21,1887,aaaa
1851,1900-01-20,1902-01-19,1888,aaaa
1852,2015-01-21,2017-01-20,1889,aaaa
1853,1900-01-20,1902-01-19,653,aaaa
1854,1900-01-20,1902-01-19,1891,aaaa
1855,1900-01-20,1902-01-19,1892,aaaa
1856,2001-01-21,2003-01-21,538,aaaa
1857,2008-01-21,2010-01-20,1893,aaaa
1858,1900-01-20,1902-01-19,1894,aaaa
1859,2005-01-21,2007-01-21,1541,aaaa
1860,1900-01-20,1902-01-19,1237,aaaa
1861,2003-01-21,2005-01-20,1895,aaaa
1862,1900-01-20,1902-01-19,1896,aaaa
1863,1900-01-20,1902-01-19,1897,aaaa
1864,1900-01-20,1902-01-19,1898,aaaa
1865,2007-01-21,2009-01-20,1899,aaaa
1866,2003-01-21,2005-01-20,1191,aaaa
1867,1900-01-20,1902-01-19,1900,aaaa
1868,2007-01-21,2009-01-20,1901,aaaa
1869,1900-01-20,1902-01-19,1902,aaaa
1870,1900-01-20,1902-01-19,1903,aaaa
1871,1900-01-20,1902-01-19,1904,aaaa
1872,2002-01-21,2004-01-21,1905,aaaa
1873,2003-01-21,2005-01-20,1906,aaaa
1874,1900-01-20,1902-01-19,1652,aaaa
1875,1900-01-20,1902-01-19,1907,aaaa
1876,2004-01-21,2006-01-20,1908,aaaa
1877,2006-01-21,2008-01-21,929,aaaa
1878,2002-01-21,2004-01-21,387,aaaa
1879,2004-01-21,2006-01-20,1909,aaaa
1880,2008-01-21,2010-01-20,1910,aaaa
1881,1900-01-20,1902-01-19,228,aaaa
1882,2001-01-21,2003-01-21,1911,aaaa
1883,2015-01-21,2017-01-20,174,aaaa
1884,1900-01-20,1902-01-19,1866,aaaa
1885,2001-01-21,2003-01-21,1912,aaaa
1886,1900-01-20,1902-01-19,1913,aaaa
1887,2002-01-21,2004-01-21,464,aaaa
1888,2008-01-21,2010-01-20,1914,aaaa
1889,1900-01-20,1902-01-19,1915,aaaa
1890,2001-01-21,2003-01-21,1916,aaaa
1891,2002-01-21,2004-01-21,1918,aaaa
1892,1900-01-20,1902-01-19,1919,aaaa
1893,1900-01-20,1902-01-19,1920,aaaa
1894,2006-01-21,2008-01-21,1921,aaaa
1895,2008-01-21,2010-01-20,1922,aaaa
1896,2010-01-21,2012-01-21,1923,aaaa
1897,2003-01-21,2005-01-20,828,aaaa
1898,2001-01-21,2003-01-21,1924,aaaa
1899,2008-01-21,2010-01-20,1925,aaaa
1900,2006-01-21,2008-01-21,1926,aaaa
1901,2005-01-21,2007-01-21,534,aaaa
1902,1900-01-20,1902-01-19,1917,aaaa
1903,2002-01-21,2004-01-21,1927,aaaa
1904,2005-01-21,2007-01-21,1928,aaaa
1905,2002-01-21,2004-01-21,1929,aaaa
1906,2001-01-21,2003-01-21,1930,aaaa
1907,1900-01-20,1902-01-19,1931,aaaa
1908,1900-01-20,1902-01-19,1932,aaaa
1909,1900-01-20,1902-01-19,1933,aaaa
1910,2002-01-21,2004-01-21,1934,aaaa
1911,1900-01-20,1902-01-19,1935,aaaa
1912,2002-01-21,2004-01-21,1936,aaaa
1913,2001-01-21,2003-01-21,1937,aaaa
1914,2010-01-21,2012-01-21,1938,aaaa
1915,2003-01-21,2005-01-20,1939,aaaa
1916,1900-01-20,1902-01-19,1940,aaaa
1917,2004-01-21,2006-01-20,1941,aaaa
1918,1900-01-20,1902-01-19,1942,aaaa
1919,2015-01-21,2017-01-20,1943,aaaa
1920,2002-01-21,2004-01-21,315,aaaa
1921,2001-01-21,2003-01-21,1944,aaaa
1922,2002-01-21,2004-01-21,1945,aaaa
1923,2002-01-21,2004-01-21,342,aaaa
1924,1900-01-20,1902-01-19,1946,aaaa
1925,2003-01-21,2005-01-20,1947,aaaa
1926,2004-01-21,2006-01-20,1948,aaaa
1927,2001-01-21,2003-01-21,1949,aaaa
1928,2003-01-21,2005-01-20,1950,aaaa
1929,2002-01-21,2004-01-21,1951,aaaa
1930,1900-01-20,1902-01-19,1952,aaaa
1931,2002-01-21,2004-01-21,1953,aaaa
1932,2001-01-21,2003-01-21,421,aaaa
1933,2014-01-21,2016-01-21,1954,aaaa
1934,1900-01-20,1902-01-19,1809,aaaa
1935,2004-01-21,2006-01-20,1955,aaaa
1936,2001-01-21,2003-01-21,1956,aaaa
1937,2002-01-21,2004-01-21,1957,aaaa
1938,2003-01-21,2005-01-20,1958,aaaa
1939,2004-01-21,2006-01-20,1959,aaaa
1940,1900-01-20,1902-01-19,1960,aaaa
1941,2004-01-21,2006-01-20,1961,aaaa
1942,2001-01-21,2003-01-21,1937,aaaa
1943,1900-01-20,1902-01-19,1962,aaaa
1944,1900-01-20,1902-01-19,1963,aaaa
1945,1900-01-20,1902-01-19,1964,aaaa
1946,2003-01-21,2005-01-20,1965,aaaa
1947,2001-01-21,2003-01-21,1966,aaaa
1948,2002-01-21,2004-01-21,1967,aaaa
1949,1900-01-20,1902-01-19,1968,aaaa
1950,2002-01-21,2004-01-21,1969,aaaa
1951,1900-01-20,1902-01-19,1970,aaaa
1952,1900-01-20,1902-01-19,971,aaaa
1953,2018-01-21,2020-01-21,1971,aaaa
1954,2004-01-21,2006-01-20,1972,aaaa
1955,2005-01-21,2007-01-21,943,aaaa
1956,2003-01-21,2005-01-20,1973,aaaa
1957,1900-01-20,1902-01-19,1974,aaaa
1958,2002-01-21,2004-01-21,884,aaaa
1959,2004-01-21,2006-01-20,1975,aaaa
1960,2001-01-21,2003-01-21,1141,aaaa
1961,2004-01-21,2006-01-20,1976,aaaa
1962,2004-01-21,2006-01-20,396,aaaa
1963,2002-01-21,2004-01-21,1977,aaaa
1964,2003-01-21,2005-01-20,1978,aaaa
1965,1900-01-20,1902-01-19,1979,aaaa
1966,1900-01-20,1902-01-19,1980,aaaa
1967,1900-01-20,1902-01-19,1982,aaaa
1968,2004-01-21,2006-01-20,1981,aaaa
1969,2006-01-21,2008-01-21,1984,aaaa
1970,2010-01-21,2012-01-21,1985,aaaa
1971,1900-01-20,1902-01-19,1986,aaaa
1972,2007-01-21,2009-01-20,558,aaaa
1973,2025-01-21,2027-01-21,1987,aaaa
1974,1900-01-20,1902-01-19,1988,aaaa
1975,2003-01-21,2005-01-20,1989,aaaa
1976,1900-01-20,1902-01-19,1990,aaaa
1977,1900-01-20,1902-01-19,1991,aaaa
1978,2004-01-21,2006-01-20,1992,aaaa
1979,1900-01-20,1902-01-19,1848,aaaa
1980,2001-01-21,2003-01-21,1993,aaaa
1981,1900-01-20,1902-01-19,1994,aaaa
1982,2003-01-21,2005-01-20,723,aaaa
1983,2008-01-21,2010-01-20,1995,aaaa
1984,2002-01-21,2004-01-21,1996,aaaa
1985,1900-01-20,1902-01-19,1653,aaaa
1986,1900-01-20,1902-01-19,1998,aaaa
1987,2004-01-21,2006-01-20,1999,aaaa
1988,2004-01-21,2006-01-20,343,aaaa
1989,2006-01-21,2008-01-21,2000,aaaa
1990,1900-01-20,1902-01-19,2001,aaaa
1991,2005-01-21,2007-01-21,456,aaaa
1992,2001-01-21,2003-01-21,2002,aaaa
1993,1900-01-20,1902-01-19,2003,aaaa
1994,1900-01-20,1902-01-19,2004,aaaa
1995,2008-01-21,2010-01-20,2005,aaaa
1996,2003-01-21,2005-01-20,2006,aaaa
1997,2002-01-21,2004-01-21,2007,aaaa
1998,2001-01-21,2003-01-21,304,aaaa
1999,2003-01-21,2005-01-20,1605,aaaa
2000,2003-01-21,2005-01-20,26,aaaa
2001,1900-01-20,1902-01-19,2008,aaaa
2002,2002-01-21,2004-01-21,2009,aaaa
2003,2007-01-21,2009-01-20,2010,aaaa
2004,2005-01-21,2007-01-21,2011,aaaa
2005,1900-01-20,1902-01-19,1158,aaaa
2006,2002-01-21,2004-01-21,2012,aaaa
2007,2007-01-21,2009-01-20,2013,aaaa
2008,2002-01-21,2004-01-21,2014,aaaa
2009,2002-01-21,2004-01-21,2015,aaaa
2010,1900-01-20,1902-01-19,2018,aaaa
2011,1900-01-20,1902-01-19,2019,aaaa
2012,2002-01-21,2004-01-21,192,aaaa
2013,1900-01-20,1902-01-19,2020,aaaa
2014,2015-01-21,2017-01-20,2021,aaaa
2015,1900-01-20,1902-01-19,865,aaaa
2016,1900-01-20,1902-01-19,2022,aaaa
2017,1900-01-20,1902-01-19,2023,aaaa
2018,1900-01-20,1902-01-19,2023,aaaa
2019,2008-01-21,2010-01-20,2024,aaaa
2020,2002-01-21,2004-01-21,2026,aaaa
2021,1900-01-20,1902-01-19,2027,aaaa
2022,2005-01-21,2007-01-21,2028,aaaa
2023,2001-01-21,2003-01-21,2029,aaaa
2024,1900-01-20,1902-01-19,2030,aaaa
2025,2010-01-21,2012-01-21,2031,aaaa
2026,2001-01-21,2003-01-21,2032,aaaa
2027,2001-01-21,2003-01-21,1652,aaaa
2028,1900-01-20,1902-01-19,2033,aaaa
2029,2002-01-21,2004-01-21,2034,aaaa
2030,1900-01-20,1902-01-19,2035,aaaa
2031,1900-01-20,1902-01-19,2037,aaaa
2032,2008-01-21,2010-01-20,335,aaaa
2033,2005-01-21,2007-01-21,2038,aaaa
2034,2005-01-21,2007-01-21,2039,aaaa
2035,1900-01-20,1902-01-19,2016,aaaa
2036,1900-01-20,1902-01-19,2040,aaaa
2037,2002-01-21,2004-01-21,2041,aaaa
2038,1900-01-20,1902-01-19,2042,aaaa
2039,1900-01-20,1902-01-19,2043,aaaa
2040,2001-01-21,2003-01-21,2044,aaaa
2041,2008-01-21,2010-01-20,15,aaaa
2042,1900-01-20,1902-01-19,1043,aaaa
2043,1900-01-20,1902-01-19,2045,aaaa
2044,2003-01-21,2005-01-20,2046,aaaa
2045,2008-01-21,2010-01-20,2047,aaaa
2046,2001-01-21,2003-01-21,2048,aaaa
2047,1900-01-20,1902-01-19,2049,aaaa
2048,2001-01-21,2003-01-21,1154,aaaa
2049,2004-01-21,2006-01-20,431,aaaa
2050,1900-01-20,1902-01-19,1367,aaaa
2051,2001-01-21,2003-01-21,2050,aaaa
2052,1900-01-20,1902-01-19,2051,aaaa
2053,2006-01-21,2008-01-21,2052,aaaa
2054,1900-01-20,1902-01-19,2053,aaaa
2055,2008-01-21,2010-01-20,1764,aaaa
2056,2002-01-21,2004-01-21,2054,aaaa
2057,1900-01-20,1902-01-19,316,aaaa
2058,2010-01-21,2012-01-21,2055,aaaa
2059,2009-01-21,2011-01-21,2057,aaaa
2060,1900-01-20,1902-01-19,2058,aaaa
2061,2003-01-21,2005-01-20,776,aaaa
2062,1900-01-20,1902-01-19,2059,aaaa
2063,2001-01-21,2003-01-21,2060,aaaa
2064,2001-01-21,2003-01-21,2061,aaaa
2065,2009-01-21,2011-01-21,2063,aaaa
2066,2005-01-21,2007-01-21,2064,aaaa
2067,2001-01-21,2003-01-21,2065,aaaa
2068,1900-01-20,1902-01-19,2066,aaaa
2069,2001-01-21,2003-01-21,2067,aaaa
2070,2001-01-21,2003-01-21,2068,aaaa
2071,1900-01-20,1902-01-19,2070,aaaa
2072,1900-01-20,1902-01-19,2071,aaaa
2073,1900-01-20,1902-01-19,2072,aaaa
2074,1900-01-20,1902-01-19,2073,aaaa
2075,1900-01-20,1902-01-19,2074,aaaa
2076,2001-01-21,2003-01-21,649,aaaa
2077,2003-01-21,2005-01-20,2075,aaaa
2078,2001-01-21,2003-01-21,2076,aaaa
2079,1900-01-20,1902-01-19,2077,aaaa
2080,2002-01-21,2004-01-21,2078,aaaa
2081,2001-01-21,2003-01-21,2079,aaaa
2082,1900-01-20,1902-01-19,2080,aaaa
2083,1900-01-20,1902-01-19,2081,aaaa
2084,2001-01-21,2003-01-21,2082,aaaa
2085,2001-01-21,2003-01-21,2083,aaaa
2086,2001-01-21,2003-01-21,2083,aaaa
2087,2002-01-21,2004-01-21,2084,aaaa
2088,2002-01-21,2004-01-21,99,aaaa
2089,1900-01-20,1902-01-19,2085,aaaa
2090,2006-01-21,2008-01-21,2086,aaaa
2091,2001-01-21,2003-01-21,896,aaaa
2092,1900-01-20,1902-01-19,2087,aaaa
2093,2003-01-21,2005-01-20,2088,aaaa
2094,1900-01-20,1902-01-19,2089,aaaa
2095,1900-01-20,1902-01-19,2090,aaaa
2096,2001-01-21,2003-01-21,2091,aaaa
2097,2001-01-21,2003-01-21,2092,aaaa
2098,2001-01-21,2003-01-21,2093,aaaa
2099,1900-01-20,1902-01-19,2094,aaaa
2100,2004-01-21,2006-01-20,2095,aaaa
2101,2003-01-21,2005-01-20,41,aaaa
2102,1900-01-20,1902-01-19,1198,aaaa
2103,2001-01-21,2003-01-21,2096,aaaa
2104,2002-01-21,2004-01-21,2097,aaaa
2105,1900-01-20,1902-01-19,381,aaaa
2106,1900-01-20,1902-01-19,2098,aaaa
2107,2006-01-21,2008-01-21,605,aaaa
2108,2003-01-21,2005-01-20,2099,aaaa
2109,2003-01-21,2005-01-20,224,aaaa
2110,1900-01-20,1902-01-19,992,aaaa
2111,1900-01-20,1902-01-19,2100,aaaa
2112,1900-01-20,1902-01-19,2101,aaaa
2113,1900-01-20,1902-01-19,2086,aaaa
2114,1900-01-20,1902-01-19,2102,aaaa
2115,1900-01-20,1902-01-19,2103,aaaa
2116,1900-01-20,1902-01-19,2098,aaaa
2117,1900-01-20,1902-01-19,2104,aaaa
2118,2001-01-21,2003-01-21,2105,aaaa
2119,2002-01-21,2004-01-21,2106,aaaa
2120,2002-01-21,2004-01-21,2107,aaaa
2121,2002-01-21,2004-01-21,2108,aaaa
2122,1900-01-20,1902-01-19,2109,aaaa
2123,2001-01-21,2003-01-21,2110,aaaa
2124,2003-01-21,2005-01-20,2111,aaaa
2125,2001-01-21,2003-01-21,731,aaaa
2126,2005-01-21,2007-01-21,2112,aaaa
2127,1900-01-20,1902-01-19,2113,aaaa
2128,2001-01-21,2003-01-21,2114,aaaa
2129,1900-01-20,1902-01-19,2115,aaaa
2130,1900-01-20,1902-01-19,2116,aaaa
2131,2003-01-21,2005-01-20,1337,aaaa
2132,2003-01-21,2005-01-20,2117,aaaa
2133,2001-01-21,2003-01-21,2118,aaaa
2134,2002-01-21,2004-01-21,2119,aaaa
2135,2002-01-21,2004-01-21,2120,aaaa
2136,1900-01-20,1902-01-19,2121,aaaa
2137,2002-01-21,2004-01-21,1214,aaaa
2138,2001-01-21,2003-01-21,2122,aaaa
2139,2001-01-21,2003-01-21,2123,aaaa
2140,1900-01-20,1902-01-19,2124,aaaa
2141,2003-01-21,2005-01-20,2125,aaaa
2142,1900-01-20,1902-01-19,2126,aaaa
2143,2015-01-21,2017-01-20,2127,aaaa
2144,1900-01-20,1902-01-19,2128,aaaa
2145,2006-01-21,2008-01-21,2129,aaaa
2146,1900-01-20,1902-01-19,2130,aaaa
2147,2002-01-21,2004-01-21,2131,aaaa
2148,2001-01-21,2003-01-21,1242,aaaa
2149,2005-01-21,2007-01-21,2132,aaaa
2150,1900-01-20,1902-01-19,2133,aaaa
2151,1900-01-20,1902-01-19,2134,aaaa
2152,2002-01-21,2004-01-21,2135,aaaa
2153,2002-01-21,2004-01-21,2136,aaaa
2154,1900-01-20,1902-01-19,2138,aaaa
2155,2020-01-21,2022-01-20,2139,aaaa
2156,2007-01-21,2009-01-20,2140,aaaa
2157,1900-01-20,1902-01-19,2141,aaaa
2158,1900-01-20,1902-01-19,2142,aaaa
2159,2015-01-21,2017-01-20,2143,aaaa
2160,1900-01-20,1902-01-19,2144,aaaa
2161,2001-01-21,2003-01-21,2145,aaaa
2162,1900-01-20,1902-01-19,2146,aaaa
2163,2003-01-21,2005-01-20,1159,aaaa
2164,1900-01-20,1902-01-19,2147,aaaa
2165,2006-01-21,2008-01-21,2148,aaaa
2166,2006-01-21,2008-01-21,606,aaaa
2167,2002-01-21,2004-01-21,2149,aaaa
2168,1900-01-20,1902-01-19,2150,aaaa
2169,2003-01-21,2005-01-20,2151,aaaa
2170,2001-01-21,2003-01-21,2152,aaaa
2171,2003-01-21,2005-01-20,456,aaaa
2172,2005-01-21,2007-01-21,2153,aaaa
2173,1900-01-20,1902-01-19,2154,aaaa
2174,1900-01-20,1902-01-19,2155,aaaa
2175,1900-01-20,1902-01-19,2156,aaaa
2176,2004-01-21,2006-01-20,930,aaaa
2177,1900-01-20,1902-01-19,2157,aaaa
2178,1900-01-20,1902-01-19,2159,aaaa
2179,2001-01-21,2003-01-21,2160,aaaa
2180,2001-01-21,2003-01-21,2161,aaaa
2181,1900-01-20,1902-01-19,2162,aaaa
2182,2003-01-21,2005-01-20,2163,aaaa
2183,2001-01-21,2003-01-21,2164,aaaa
2184,2003-01-21,2005-01-20,224,aaaa
2185,1900-01-20,1902-01-19,2165,aaaa
2186,2001-01-21,2003-01-21,2166,aaaa
2187,2004-01-21,2006-01-20,1581,aaaa
2188,2005-01-21,2007-01-21,288,aaaa
2189,2001-01-21,2003-01-21,2170,aaaa
2190,1900-01-20,1902-01-19,2171,aaaa
2191,1900-01-20,1902-01-19,526,aaaa
2192,1900-01-20,1902-01-19,2172,aaaa
2193,2005-01-21,2007-01-21,2173,aaaa
2194,2010-01-21,2012-01-21,2174,aaaa
2195,1900-01-20,1902-01-19,2175,aaaa
2196,1900-01-20,1902-01-19,2176,aaaa
2197,2001-01-21,2003-01-21,2158,aaaa
2198,1900-01-20,1902-01-19,993,aaaa
2199,2010-01-21,2012-01-21,2177,aaaa
2200,1900-01-20,1902-01-19,2178,aaaa
2201,2005-01-21,2007-01-21,2180,aaaa
2202,2001-01-21,2003-01-21,2181,aaaa
2203,2001-01-21,2003-01-21,2182,aaaa
2204,1900-01-20,1902-01-19,2183,aaaa
2205,1900-01-20,1902-01-19,2184,aaaa
2206,2003-01-21,2005-01-20,2185,aaaa
2207,1900-01-20,1902-01-19,2086,aaaa
2208,1900-01-20,1902-01-19,2186,aaaa
2209,2002-01-21,2004-01-21,2187,aaaa
2210,2002-01-21,2004-01-21,2188,aaaa
2211,2001-01-21,2003-01-21,2190,aaaa
2212,2001-01-21,2003-01-21,2189,aaaa
2213,1900-01-20,1902-01-19,2191,aaaa
2214,2002-01-21,2004-01-21,2192,aaaa
2215,2001-01-21,2003-01-21,2193,aaaa
2216,1900-01-20,1902-01-19,2194,aaaa
2217,1900-01-20,1902-01-19,2195,aaaa
2218,1900-01-20,1902-01-19,2196,aaaa
2219,1900-01-20,1902-01-19,2197,aaaa
2220,1900-01-20,1902-01-19,1634,aaaa
2221,1900-01-20,1902-01-19,2198,aaaa
2222,1900-01-20,1902-01-19,2200,aaaa
2223,2005-01-21,2007-01-21,2201,aaaa
2224,2003-01-21,2005-01-20,2086,aaaa
2225,2007-01-21,2009-01-20,2202,aaaa
2226,2007-01-21,2009-01-20,2203,aaaa
2227,1900-01-20,1902-01-19,2204,aaaa
2228,2010-01-21,2012-01-21,2205,aaaa
2229,1900-01-20,1902-01-19,2206,aaaa
2230,2004-01-21,2006-01-20,2207,aaaa
2231,1900-01-20,1902-01-19,2208,aaaa
2232,1900-01-20,1902-01-19,2209,aaaa
2233,2001-01-21,2003-01-21,2211,aaaa
2234,1900-01-20,1902-01-19,2212,aaaa
2235,1900-01-20,1902-01-19,2213,aaaa
2236,1900-01-20,1902-01-19,2214,aaaa
2237,2009-01-21,2011-01-21,1804,aaaa
2238,2001-01-21,2003-01-21,1804,aaaa
2239,1900-01-20,1902-01-19,2215,aaaa
2240,2002-01-21,2004-01-21,2216,aaaa
2241,1900-01-20,1902-01-19,2217,aaaa
2242,2009-01-21,2011-01-21,1053,aaaa
2243,2003-01-21,2005-01-20,2218,aaaa
2244,2001-01-21,2003-01-21,2219,aaaa
2245,2002-01-21,2004-01-21,2220,aaaa
2246,2003-01-21,2005-01-20,2167,aaaa
2247,1900-01-20,1902-01-19,1983,aaaa
2248,2003-01-21,2005-01-20,2221,aaaa
2249,2005-01-21,2007-01-21,2222,aaaa
2250,1900-01-20,1902-01-19,2223,aaaa
2251,2002-01-21,2004-01-21,2224,aaaa
2252,2004-01-21,2006-01-20,2225,aaaa
2253,2001-01-21,2003-01-21,2227,aaaa
2254,1900-01-20,1902-01-19,2228,aaaa
2255,2005-01-21,2007-01-21,2229,aaaa
2256,2003-01-21,2005-01-20,2230,aaaa
2257,1900-01-20,1902-01-19,2231,aaaa
2258,2001-01-21,2003-01-21,2232,aaaa
2259,2003-01-21,2005-01-20,2233,aaaa
2260,2002-01-21,2004-01-21,1646,aaaa
2261,1900-01-20,1902-01-19,2234,aaaa
2262,2003-01-21,2005-01-20,2235,aaaa
2263,1900-01-20,1902-01-19,2236,aaaa
2264,1900-01-20,1902-01-19,2168,aaaa
2265,2001-01-21,2003-01-21,2237,aaaa
2266,1900-01-20,1902-01-19,2238,aaaa
2267,2002-01-21,2004-01-21,2239,aaaa
2268,1900-01-20,1902-01-19,413,aaaa
2269,1900-01-20,1902-01-19,2240,aaaa
2270,2004-01-21,2006-01-20,2241,aaaa
2271,2001-01-21,2003-01-21,2242,aaaa
2272,1900-01-20,1902-01-19,1910,aaaa
2273,1900-01-20,1902-01-19,2243,aaaa
2274,1900-01-20,1902-01-19,2169,aaaa
2275,2004-01-21,2006-01-20,2244,aaaa
2276,2008-01-21,2010-01-20,2245,aaaa
2277,2008-01-21,2010-01-20,2025,aaaa
2278,1900-01-20,1902-01-19,2246,aaaa
2279,2003-01-21,2005-01-20,1238,aaaa
2280,2003-01-21,2005-01-20,1238,aaaa
2281,2010-01-21,2012-01-21,2247,aaaa
2282,1900-01-20,1902-01-19,2056,aaaa
2283,2003-01-21,2005-01-20,2248,aaaa
2284,1900-01-20,1902-01-19,2249,aaaa
2285,1900-01-20,1902-01-19,2249,aaaa
2286,1900-01-20,1902-01-19,2250,aaaa
2287,1900-01-20,1902-01-19,437,aaaa
2288,1900-01-20,1902-01-19,2251,aaaa
2289,2002-01-21,2004-01-21,2252,aaaa
2290,1900-01-20,1902-01-19,2253,aaaa
2291,2004-01-21,2006-01-20,2254,aaaa
2292,2014-01-21,2016-01-21,2255,aaaa
2293,2003-01-21,2005-01-20,2256,aaaa
2294,1900-01-20,1902-01-19,2257,aaaa
2295,2001-01-21,2003-01-21,2258,aaaa
2296,2006-01-21,2008-01-21,2259,aaaa
2297,2003-01-21,2005-01-20,2260,aaaa
2298,1900-01-20,1902-01-19,2261,aaaa
2299,1900-01-20,1902-01-19,2262,aaaa
2300,2003-01-21,2005-01-20,2263,aaaa
2301,2001-01-21,2003-01-21,2264,aaaa
2302,1900-01-20,1902-01-19,2265,aaaa
2303,1900-01-20,1902-01-19,2266,aaaa
2304,2004-01-21,2006-01-20,2267,aaaa
2305,2001-01-21,2003-01-21,2268,aaaa
2306,1900-01-20,1902-01-19,2269,aaaa
2307,1900-01-20,1902-01-19,2270,aaaa
2308,1900-01-20,1902-01-19,2271,aaaa
2309,1900-01-20,1902-01-19,2272,aaaa
2310,1900-01-20,1902-01-19,958,aaaa
2311,1900-01-20,1902-01-19,958,aaaa
2312,2002-01-21,2004-01-21,2273,aaaa
2313,2005-01-21,2007-01-21,2275,aaaa
2314,2001-01-21,2003-01-21,2137,aaaa
2315,1900-01-20,1902-01-19,2276,aaaa
2316,2008-01-21,2010-01-20,2277,aaaa
2317,2010-01-21,2012-01-21,2278,aaaa
2318,2010-01-21,2012-01-21,2279,aaaa
2319,2001-01-21,2003-01-21,2280,aaaa
2320,1900-01-20,1902-01-19,2281,aaaa
2321,2002-01-21,2004-01-21,2282,aaaa
2322,2001-01-21,2003-01-21,2283,aaaa
2323,2007-01-21,2009-01-20,2284,aaaa
2324,2001-01-21,2003-01-21,2285,aaaa
2325,2012-01-21,2014-01-20,2286,aaaa
2326,1900-01-20,1902-01-19,2288,aaaa
2327,1900-01-20,1902-01-19,2289,aaaa
2328,1900-01-20,1902-01-19,2290,aaaa
2329,1900-01-20,1902-01-19,2291,aaaa
2330,1900-01-20,1902-01-19,2292,aaaa
2331,1900-01-20,1902-01-19,2292,aaaa
2332,2003-01-21,2005-01-20,365,aaaa
2333,2010-01-21,2012-01-21,607,aaaa
2334,1900-01-20,1902-01-19,2293,aaaa
2335,2020-01-21,2022-01-20,2294,aaaa
2336,2003-01-21,2005-01-20,1997,aaaa
2337,2002-01-21,2004-01-21,2295,aaaa
2338,1900-01-20,1902-01-19,2296,aaaa
2339,1900-01-20,1902-01-19,2298,aaaa
2340,2002-01-21,2004-01-21,283,aaaa
2341,2003-01-21,2005-01-20,2299,aaaa
2342,2003-01-21,2005-01-20,2300,aaaa
2343,2012-01-21,2014-01-20,1804,aaaa
2344,2002-01-21,2004-01-21,2301,aaaa
2345,2002-01-21,2004-01-21,2274,aaaa
2346,1900-01-20,1902-01-19,2302,aaaa
2347,2001-01-21,2003-01-21,2303,aaaa
2348,2002-01-21,2004-01-21,2304,aaaa
2349,1900-01-20,1902-01-19,2305,aaaa
2350,1900-01-20,1902-01-19,2306,aaaa
2351,2005-01-21,2007-01-21,2307,aaaa
2352,1900-01-20,1902-01-19,2308,aaaa
2353,2005-01-21,2007-01-21,2309,aaaa
2354,1900-01-20,1902-01-19,2310,aaaa
2355,1900-01-20,1902-01-19,1489,aaaa
2356,2005-01-21,2007-01-21,45,aaaa
2357,2001-01-21,2003-01-21,2311,aaaa
2358,1900-01-20,1902-01-19,2313,aaaa
2359,1900-01-20,1902-01-19,2314,aaaa
2360,2005-01-21,2007-01-21,2315,aaaa
2361,2001-01-21,2003-01-21,2316,aaaa
2362,2001-01-21,2003-01-21,2316,aaaa
2363,2002-01-21,2004-01-21,2317,aaaa
2364,2005-01-21,2007-01-21,2318,aaaa
2365,1900-01-20,1902-01-19,2319,aaaa
2366,2002-01-21,2004-01-21,2320,aaaa
2367,2003-01-21,2005-01-20,50,aaaa
2368,1900-01-20,1902-01-19,321,aaaa
2369,2002-01-21,2004-01-21,1838,aaaa
2370,1900-01-20,1902-01-19,2321,aaaa
2371,1900-01-20,1902-01-19,2321,aaaa
2372,2003-01-21,2005-01-20,2322,aaaa
2373,2004-01-21,2006-01-20,2179,aaaa
2374,2004-01-21,2006-01-20,2179,aaaa
2375,1900-01-20,1902-01-19,154,aaaa
2376,2001-01-21,2003-01-21,2069,aaaa
2377,2002-01-21,2004-01-21,2323,aaaa
2378,2001-01-21,2003-01-21,2205,aaaa
2379,2005-01-21,2007-01-21,2324,aaaa
2380,1900-01-20,1902-01-19,2325,aaaa
2381,2003-01-21,2005-01-20,2326,aaaa
2382,1900-01-20,1902-01-19,2328,aaaa
2383,2003-01-21,2005-01-20,2329,aaaa
2384,2006-01-21,2008-01-21,2330,aaaa
2385,2003-01-21,2005-01-20,2331,aaaa
2386,2002-01-21,2004-01-21,2332,aaaa
2387,1900-01-20,1902-01-19,2333,aaaa
2388,2003-01-21,2005-01-20,2334,aaaa
2389,1900-01-20,1902-01-19,2335,aaaa
2390,1900-01-20,1902-01-19,2336,aaaa
2391,1900-01-20,1902-01-19,2337,aaaa
2392,2008-01-21,2010-01-20,2287,aaaa
2393,2017-01-21,2019-01-21,209,aaaa
2394,1900-01-20,1902-01-19,2338,aaaa
2395,2018-01-21,2020-01-21,2339,aaaa
2396,2005-01-21,2007-01-21,2340,aaaa
2397,1900-01-20,1902-01-19,1869,aaaa
2398,1900-01-20,1902-01-19,2341,aaaa
2399,1900-01-20,1902-01-19,2342,aaaa
2400,2004-01-21,2006-01-20,2343,aaaa
2401,1900-01-20,1902-01-19,2344,aaaa
2402,2005-01-21,2007-01-21,2346,aaaa
2403,1900-01-20,1902-01-19,2345,aaaa
2404,1900-01-20,1902-01-19,2347,aaaa
2405,2002-01-21,2004-01-21,2348,aaaa
2406,2002-01-21,2004-01-21,1160,aaaa
2407,1900-01-20,1902-01-19,2349,aaaa
2408,1900-01-20,1902-01-19,2350,aaaa
2409,2002-01-21,2004-01-21,2351,aaaa
2410,1900-01-20,1902-01-19,2352,aaaa
2411,2005-01-21,2007-01-21,2353,aaaa
2412,2002-01-21,2004-01-21,2354,aaaa
2413,1900-01-20,1902-01-19,2355,aaaa
2414,2002-01-21,2004-01-21,2356,aaaa
2415,1900-01-20,1902-01-19,2357,aaaa
2416,2001-01-21,2003-01-21,2358,aaaa
2417,2003-01-21,2005-01-20,445,aaaa
2418,2005-01-21,2007-01-21,610,aaaa
2419,2004-01-21,2006-01-20,2359,aaaa
2420,2003-01-21,2005-01-20,2360,aaaa
2421,2001-01-21,2003-01-21,2361,aaaa
2422,1900-01-20,1902-01-19,84,aaaa
2423,2002-01-21,2004-01-21,2362,aaaa
2424,1900-01-20,1902-01-19,2363,aaaa
2425,2002-01-21,2004-01-21,2364,aaaa
2426,2001-01-21,2003-01-21,2365,aaaa
2427,2006-01-21,2008-01-21,2366,aaaa
2428,1900-01-20,1902-01-19,2367,aaaa
2429,2003-01-21,2005-01-20,2368,aaaa
2430,2004-01-21,2006-01-20,367,aaaa
2431,2002-01-21,2004-01-21,987,aaaa
2432,2002-01-21,2004-01-21,2369,aaaa
2433,1900-01-20,1902-01-19,2370,aaaa
2434,2001-01-21,2003-01-21,2371,aaaa
2435,1900-01-20,1902-01-19,2226,aaaa
2436,2001-01-21,2003-01-21,2297,aaaa
2437,1900-01-20,1902-01-19,914,aaaa
2438,2003-01-21,2005-01-20,368,aaaa
2439,1900-01-20,1902-01-19,2372,aaaa
2440,2003-01-21,2005-01-20,438,aaaa
2441,2010-01-21,2012-01-21,2373,aaaa
2442,1900-01-20,1902-01-19,1819,aaaa
2443,2005-01-21,2007-01-21,271,aaaa
2444,2006-01-21,2008-01-21,2374,aaaa
2445,1900-01-20,1902-01-19,2375,aaaa
2446,2003-01-21,2005-01-20,2376,aaaa
2447,1900-01-20,1902-01-19,2377,aaaa
2448,1900-01-20,1902-01-19,2378,aaaa
2449,1900-01-20,1902-01-19,2379,aaaa
2450,2002-01-21,2004-01-21,2380,aaaa
2451,2005-01-21,2007-01-21,2381,aaaa
2452,2003-01-21,2005-01-20,2382,aaaa
2453,2004-01-21,2006-01-20,2383,aaaa
2454,2008-01-21,2010-01-20,2384,aaaa
2455,2004-01-21,2006-01-20,2385,aaaa
2456,2004-01-21,2006-01-20,2386,aaaa
2457,1900-01-20,1902-01-19,2387,aaaa
2458,1900-01-20,1902-01-19,2388,aaaa
2459,1900-01-20,1902-01-19,816,aaaa
2460,2004-01-21,2006-01-20,2389,aaaa
2461,2001-01-21,2003-01-21,1576,aaaa
2462,1900-01-20,1902-01-19,2390,aaaa
2463,2007-01-21,2009-01-20,2391,aaaa
2464,1900-01-20,1902-01-19,2392,aaaa
2465,2002-01-21,2004-01-21,70,aaaa
2466,1900-01-20,1902-01-19,755,aaaa
2467,2002-01-21,2004-01-21,2393,aaaa
2468,1900-01-20,1902-01-19,213,aaaa
2469,2004-01-21,2006-01-20,2394,aaaa
2470,2003-01-21,2005-01-20,2017,aaaa
2471,2003-01-21,2005-01-20,2017,aaaa
2472,2003-01-21,2005-01-20,2017,aaaa
2473,1900-01-20,1902-01-19,2395,aaaa
2474,2012-01-21,2014-01-20,2396,aaaa
2475,2004-01-21,2006-01-20,2397,aaaa
2476,2001-01-21,2003-01-21,2398,aaaa
2477,2010-01-21,2012-01-21,2399,aaaa
2478,2002-01-21,2004-01-21,1124,aaaa
2479,1900-01-20,1902-01-19,2062,aaaa
2480,2001-01-21,2003-01-21,682,aaaa
2481,2007-01-21,2009-01-20,2400,aaaa
2482,2004-01-21,2006-01-20,2401,aaaa
2483,2001-01-21,2003-01-21,2402,aaaa
2484,2003-01-21,2005-01-20,2403,aaaa
2485,2001-01-21,2003-01-21,2404,aaaa
2486,2002-01-21,2004-01-21,2405,aaaa
2487,1900-01-20,1902-01-19,667,aaaa
2488,1900-01-20,1902-01-19,2406,aaaa
2489,2002-01-21,2004-01-21,2407,aaaa
2490,2004-01-21,2006-01-20,2408,aaaa
2491,2001-01-21,2003-01-21,2409,aaaa
2492,2002-01-21,2004-01-21,2410,aaaa
2493,2005-01-21,2007-01-21,2411,aaaa
2494,2007-01-21,2009-01-20,2412,aaaa
2495,2007-01-21,2009-01-20,2412,aaaa
2496,1900-01-20,1902-01-19,2413,aaaa
2497,2002-01-21,2004-01-21,106,aaaa
2498,2001-01-21,2003-01-21,2414,aaaa
2499,1900-01-20,1902-01-19,2415,aaaa
2500,2003-01-21,2005-01-20,2416,aaaa
2501,2003-01-21,2005-01-20,2416,aaaa
2502,2003-01-21,2005-01-20,2417,aaaa
2503,2003-01-21,2005-01-20,2417,aaaa
2504,2001-01-21,2003-01-21,2418,aaaa
2505,2001-01-21,2003-01-21,2419,aaaa
2506,1900-01-20,1902-01-19,2420,aaaa
2507,2002-01-21,2004-01-21,742,aaaa
2508,2004-01-21,2006-01-20,252,aaaa
2509,1900-01-20,1902-01-19,2421,aaaa
2510,1900-01-20,1902-01-19,2422,aaaa
2511,2001-01-21,2003-01-21,2423,aaaa
2512,2006-01-21,2008-01-21,2424,aaaa
2513,2003-01-21,2005-01-20,2425,aaaa
2514,2004-01-21,2006-01-20,2426,aaaa
2515,1900-01-20,1902-01-19,2427,aaaa
2516,2003-01-21,2005-01-20,2428,aaaa
2517,2002-01-21,2004-01-21,2429,aaaa
2518,2002-01-21,2004-01-21,2430,aaaa
2519,1900-01-20,1902-01-19,2431,aaaa
2520,1900-01-20,1902-01-19,2432,aaaa
2521,2003-01-21,2005-01-20,2433,aaaa
2522,2001-01-21,2003-01-21,2434,aaaa
2523,2005-01-21,2007-01-21,2435,aaaa
2524,1900-01-20,1902-01-19,2436,aaaa
2525,2001-01-21,2003-01-21,2437,aaaa
2526,2015-01-21,2017-01-20,2438,aaaa
2527,1900-01-20,1902-01-19,2439,aaaa
2528,2002-01-21,2004-01-21,2440,aaaa
2529,2001-01-21,2003-01-21,2441,aaaa
2530,1900-01-20,1902-01-19,2442,aaaa
2531,2001-01-21,2003-01-21,2443,aaaa
2532,2001-01-21,2003-01-21,2444,aaaa
2533,2002-01-21,2004-01-21,2445,aaaa
2534,2002-01-21,2004-01-21,2446,aaaa
2535,1900-01-20,1902-01-19,1748,aaaa
2536,1900-01-20,1902-01-19,2447,aaaa
2537,1900-01-20,1902-01-19,2448,aaaa
2538,1900-01-20,1902-01-19,2449,aaaa
2539,1900-01-20,1902-01-19,2450,aaaa
2540,2016-01-21,2018-01-20,2451,aaaa
2541,1900-01-20,1902-01-19,2452,aaaa
2542,2001-01-21,2003-01-21,2036,aaaa
2543,1900-01-20,1902-01-19,2453,aaaa
2544,2002-01-21,2004-01-21,1158,aaaa
2545,2002-01-21,2004-01-21,2454,aaaa
2546,2004-01-21,2006-01-20,2455,aaaa
2547,2006-01-21,2008-01-21,2456,aaaa
2548,2005-01-21,2007-01-21,2457,aaaa
2549,2001-01-21,2003-01-21,1924,aaaa
2550,2007-01-21,2009-01-20,2458,aaaa
2551,2004-01-21,2006-01-20,2460,aaaa
2552,2003-01-21,2005-01-20,2327,aaaa
2553,2003-01-21,2005-01-20,2327,aaaa
2554,2001-01-21,2003-01-21,2461,aaaa
2555,2005-01-21,2007-01-21,2462,aaaa
2556,1900-01-20,1902-01-19,2463,aaaa
2557,1900-01-20,1902-01-19,2464,aaaa
2558,1900-01-20,1902-01-19,2465,aaaa
2559,2006-01-21,2008-01-21,2459,aaaa
2560,2006-01-21,2008-01-21,2459,aaaa
2561,2006-01-21,2008-01-21,2459,aaaa
2562,2003-01-21,2005-01-20,2210,aaaa
2563,1900-01-20,1902-01-19,2466,aaaa
2564,1900-01-20,1902-01-19,2467,aaaa
2565,1900-01-20,1902-01-19,2467,aaaa
2566,2007-01-21,2009-01-20,2468,aaaa
2567,2003-01-21,2005-01-20,2469,aaaa
2568,2004-01-21,2006-01-20,2470,aaaa
2569,1900-01-20,1902-01-19,2471,aaaa
2570,1900-01-20,1902-01-19,2472,aaaa
2571,2001-01-21,2003-01-21,1838,aaaa
2572,1900-01-20,1902-01-19,2199,aaaa
2573,1900-01-20,1902-01-19,2473,aaaa
2574,2001-01-21,2003-01-21,2474,aaaa
2575,1900-01-20,1902-01-19,2475,aaaa
2576,1900-01-20,1902-01-19,2475,aaaa
2577,1900-01-20,1902-01-19,2476,aaaa
2578,2006-01-21,2008-01-21,2477,aaaa
2579,2006-01-21,2008-01-21,2477,aaaa
2580,2007-01-21,2009-01-20,2478,aaaa
2581,1900-01-20,1902-01-19,2479,aaaa
2582,1900-01-20,1902-01-19,2480,aaaa
2583,1900-01-20,1902-01-19,2480,aaaa
2584,2001-01-21,2003-01-21,1935,aaaa
2585,2001-01-21,2003-01-21,2481,aaaa
2586,1900-01-20,1902-01-19,2482,aaaa
2587,2005-01-21,2007-01-21,2483,aaaa
2588,2004-01-21,2006-01-20,2484,aaaa
2589,2010-01-21,2012-01-21,2485,aaaa
2590,2002-01-21,2004-01-21,2485,aaaa
2591,2004-01-21,2006-01-20,1890,aaaa
2592,2001-01-21,2003-01-21,2486,aaaa
2593,2002-01-21,2004-01-21,2485,aaaa
2594,1900-01-20,1902-01-19,2312,aaaa
2595,2017-01-21,2019-01-21,2487,aaaa
2596,2002-01-21,2004-01-21,2488,aaaa
